"Call Tree - Method";"Time [%]";"Time";"Invocations";
"  All threads";"100.0";"6391554";"1"
"   AWT-EventQueue-0";"100.0";"5338944";"1"
"    Interfaz.Swing.Comprar_Ambulancias$2.actionPerformed(java.awt.event.ActionEvent)";"16.49787";"880812";"2"
"     Interfaz.Swing.Comprar_Ambulancias.access$100(Interfaz.Swing.Comprar_Ambulancias, java.awt.event.ActionEvent)";"16.497007";"880766";"2"
"      Interfaz.Swing.Comprar_Ambulancias.comprarActionPerformed(java.awt.event.ActionEvent)";"16.496634";"880746";"2"
"       Sistema.Sistema.crear_ambulancia(Class, int)";"15.132131";"807896";"2"
"        Sistema.Tipos.Hospital.comprar_ambulancia(Class, int)";"12.461922";"665335";"2"
"         Sistema.Tipos.Admin_Ambulancias.comprar(Class, Integer)";"12.461266";"665300";"2"
"          Interfaz.IU.informar(String)";"12.331446";"658369";"7"
"          Self time";"0.070482105";"3763";"2"
"          Utils.System_Log.log_normal(String)";"0.05493596";"2933";"2"
"          Sistema.Tipos.Ambulancias.Camion.<init>(long, Sistema.Tipos.Punto)";"0.0018917599";"101";"5"
"           Self time";"0.0010301663";"55";"5"
"           Sistema.Tipos.Ambulancias.Ambulancia.<init>(long, int, Sistema.Tipos.Punto, float)";"8.615936E-4";"46";"5"
"          Sistema.Tipos.Admin_Ambulancias.get_max_id()";"0.0014422328";"77";"2"
"          Sistema.Tipos.Ambulancias.Helicoptero.<init>(long, Sistema.Tipos.Punto)";"0.0010301663";"55";"2"
"           Self time";"5.05718E-4";"27";"2"
"           Sistema.Tipos.Ambulancias.Aereos.<init>(long, int, Sistema.Tipos.Punto)";"5.05718E-4";"27";"2"
"            Self time";"3.933362E-4";"21";"2"
"            Sistema.Tipos.Ambulancias.Ambulancia.<init>(long, int, Sistema.Tipos.Punto, float)";"9.365148E-5";"5";"2"
"         Self time";"6.5556035E-4";"35";"2"
"        Interfaz.IU.informar(String)";"2.6656208";"142316";"2"
"        Self time";"0.004307968";"230";"2"
"        Sistema.Sistema.hopsitalCreado()";"2.2476354E-4";"12";"2"
"       Self time";"0.79023117";"42190";"2"
"       Interfaz.Swing.Menu_Ambulancias.<init>()";"0.57369024";"30629";"2"
"        Interfaz.Swing.Menu_Ambulancias.initComponents()";"0.5177803";"27644";"2"
"         Self time";"0.5009043";"26743";"2"
"         Interfaz.Swing.Menu_Ambulancias$1.<init>(Interfaz.Swing.Menu_Ambulancias)";"1.1238177E-4";"6";"2"
"         Interfaz.Swing.Menu_Ambulancias$2.<init>(Interfaz.Swing.Menu_Ambulancias)";"9.365148E-5";"5";"2"
"         Interfaz.Swing.Menu_Ambulancias$3.<init>(Interfaz.Swing.Menu_Ambulancias)";"9.365148E-5";"5";"2"
"         Interfaz.Swing.Menu_Ambulancias$4.<init>(Interfaz.Swing.Menu_Ambulancias)";"7.492118E-5";"4";"2"
"        Self time";"0.051452123";"2747";"2"
"       Interfaz.Swing.Nucleo_Keeper.get_Nucleo()";"9.365148E-5";"5";"2"
"      Self time";"3.558756E-4";"19";"2"
"     Self time";"8.615936E-4";"46";"2"
"    Interfaz.Swing.Menu_Pedido$2.actionPerformed(java.awt.event.ActionEvent)";"10.5094";"561091";"3"
"     Interfaz.Swing.Menu_Pedido.access$100(Interfaz.Swing.Menu_Pedido, java.awt.event.ActionEvent)";"10.508145";"561024";"3"
"      Interfaz.Swing.Menu_Pedido.jButton1ActionPerformed(java.awt.event.ActionEvent)";"10.507827";"561007";"3"
"       Sistema.Sistema.realizar_pedido(long, String)";"10.503276";"560764";"3"
"        Interfaz.IU.informar(String)";"6.177832";"329831";"3"
"        Sistema.Sistema.existe_tipo_vehiculo(String)";"2.2637248";"120859";"3"
"         Utils.Tipo_Utils.subclases_ambulancia()";"2.2615147";"120741";"3"
"          Utils.SubClassFinder.<init>()";"1.8771877";"100222";"3"
"           Utils.SubClassFinder.refreshLocations()";"1.8764759";"100184";"3"
"            Utils.SubClassFinder.getClasspathLocations()";"1.8762137";"100170";"3"
"             Utils.SubClassFinder.include(String, java.io.File, java.util.Map)";"1.8710442";"99894";"3"
"              Utils.SubClassFinder.include(String, java.io.File, java.util.Map)";"1.7035017";"90949";"18"
"               Utils.SubClassFinder.include(String, java.io.File, java.util.Map)";"1.194843";"63792";"6"
"                Utils.SubClassFinder$1.accept(java.io.File)";"0.87039685";"46470";"282"
"                Self time";"0.22279687";"11895";"6"
"                Utils.SubClassFinder.include(String, java.io.File, java.util.Map)";"0.0968169";"5169";"3"
"                 Utils.SubClassFinder$1.accept(java.io.File)";"0.058644556";"3131";"21"
"                 Self time";"0.038172342";"2038";"3"
"                Utils.SubClassFinder$2.compare(Object, Object)";"0.0047949557";"256";"12"
"                 Utils.SubClassFinder$2.compare(java.net.URL, java.net.URL)";"0.004251777";"227";"12"
"                 Self time";"5.244483E-4";"28";"12"
"               Self time";"0.25289646";"13502";"18"
"               Utils.SubClassFinder$1.accept(java.io.File)";"0.24407448";"13031";"93"
"               Utils.SubClassFinder$2.compare(Object, Object)";"0.011650244";"622";"15"
"                Utils.SubClassFinder$2.compare(java.net.URL, java.net.URL)";"0.01073246";"573";"15"
"                Self time";"9.1778446E-4";"49";"15"
"              Self time";"0.09661087";"5158";"3"
"              Utils.SubClassFinder$1.accept(java.io.File)";"0.05310039";"2835";"18"
"              Utils.SubClassFinder$2.compare(Object, Object)";"0.017775051";"949";"42"
"               Utils.SubClassFinder$2.compare(java.net.URL, java.net.URL)";"0.015546146";"830";"42"
"               Self time";"0.002210175";"118";"42"
"             Self time";"0.0051695616";"276";"3"
"            Self time";"2.4349385E-4";"13";"3"
"           Self time";"6.9302093E-4";"37";"3"
"          Utils.SubClassFinder.findSubclasses(String)";"0.38101166";"20342";"3"
"           Utils.SubClassFinder.findSubclasses(Class, java.util.Map)";"0.37893263";"20231";"3"
"            Utils.SubClassFinder.findSubclasses(java.net.URL, String, Class)";"0.3487394";"18619";"27"
"             Self time";"0.34216505";"18268";"27"
"             Utils.SubClassFinder$3.compare(Object, Object)";"0.0065556034";"350";"33"
"              Utils.SubClassFinder$3.compare(Class, Class)";"0.0053381342";"285";"33"
"              Self time";"0.0011987389";"64";"33"
"            Utils.SubClassFinder$2.compare(Object, Object)";"0.023600172";"1260";"75"
"             Utils.SubClassFinder$2.compare(java.net.URL, java.net.URL)";"0.02092174";"1117";"75"
"             Self time";"0.0026784323";"143";"75"
"            Self time";"0.0065743336";"351";"3"
"           Self time";"0.0020790629";"111";"3"
"          Self time";"0.0029031958";"155";"3"
"          Utils.SubClassFinder.getErrors()";"4.120665E-4";"22";"3"
"         Self time";"0.0021914446";"117";"3"
"        Sistema.Tipos.Hospital.crear_pedido(Sistema.Tipos.Punto, Class)";"2.059059";"109932";"3"
"         Sistema.Tipos.Hospital.dispatcher(Sistema.Tipos.Pedido)";"2.0579538";"109873";"3"
"          Sistema.Tipos.Logistica.camino_ida(Sistema.Tipos.Pedido)";"1.9346335";"103289";"3"
"           Utils.Spath.camino_mas_corto(Sistema.Tipos.Punto, Sistema.Tipos.Punto, Sistema.Tipos.Ciudad)";"1.9340717";"103259";"3"
"            Utils.Spath.puntos_activos(Utils.ArrayLista)";"1.6438831";"87766";"93"
"             Utils.ArrayLista.add(Object)";"1.5619006";"83389";"1536"
"              Self time";"1.2963425";"69211";"1536"
"              Sistema.Tipos.Punto.equals(Object)";"0.2655394";"14177";"13718"
"             Self time";"0.077618346";"4144";"93"
"             Utils.ArrayLista.<init>()";"0.004364159";"233";"93"
"            Utils.Spath.obtener_vecinos(Utils.ArrayLista, Utils.Spath.Punto_M, Utils.ArrayLista)";"0.107362054";"5732";"45"
"             Self time";"0.08986796";"4798";"45"
"             Sistema.Tipos.Punto.equals(Object)";"0.013748037";"734";"2673"
"             Utils.ArrayLista.add(Object)";"0.0020790629";"111";"55"
"              Self time";"0.0018168386";"97";"55"
"              Sistema.Tipos.Calle.equals(Object)";"2.6222414E-4";"14";"17"
"             Utils.ArrayLista.<init>()";"0.0016295357";"87";"45"
"            Self time";"0.07347895";"3923";"3"
"            Utils.Spath.To_Mi_Punto(Utils.ArrayLista)";"0.048923533";"2612";"3"
"             Utils.ArrayLista.add(Object)";"0.035250418";"1882";"75"
"              Self time";"0.022476355";"1200";"75"
"              Sistema.Tipos.Punto.equals(Object)";"0.012774061";"682";"900"
"             Utils.Spath$Punto_M.<init>(Sistema.Tipos.Punto)";"0.0075670397";"404";"75"
"              Utils.Spath$Punto_M.<init>(long, float, float)";"0.0042705075";"228";"75"
"               Self time";"0.002790814";"149";"75"
"               Sistema.Tipos.Punto.<init>(long, float, float)";"0.001460963";"78";"75"
"              Self time";"0.003296532";"176";"75"
"             Self time";"0.0059749642";"319";"3"
"             Utils.ArrayLista.<init>()";"1.1238177E-4";"6";"3"
"            Utils.Spath$etq_comparator.compare(Object, Object)";"0.024461767";"1306";"735"
"             Self time";"0.016838536";"899";"735"
"             Utils.Spath$etq_comparator.compare(Utils.Spath.Punto_M, Utils.Spath.Punto_M)";"0.0076232306";"407";"735"
"            Utils.Spath.punto_equivalente(Sistema.Tipos.Punto, Utils.ArrayLista)";"0.017231872";"920";"116"
"            Utils.Spath.construir_camino_de_calles(Utils.ArrayLista, Utils.ArrayLista, Utils.ArrayLista)";"0.011294369";"603";"3"
"             Utils.Spath.buscar_calle(Sistema.Tipos.Punto, Sistema.Tipos.Punto, Utils.ArrayLista)";"0.008728318";"466";"19"
"              Self time";"0.0069489395";"371";"19"
"              Sistema.Tipos.Punto.equals(Object)";"0.0017606477";"94";"346"
"             Utils.ArrayLista.add(Object)";"0.0015733448";"84";"19"
"              Self time";"0.0011238178";"60";"19"
"              Sistema.Tipos.Calle.equals(Object)";"4.307968E-4";"23";"53"
"             Self time";"9.927057E-4";"53";"3"
"            Utils.Spath.constuir_camino_de_puntos(Utils.Spath.Punto_M, Utils.Spath.Punto_M, Utils.ArrayLista)";"0.0028657352";"153";"3"
"             Utils.Spath.constuir_camino_de_puntos(Utils.Spath.Punto_M, Utils.Spath.Punto_M, Utils.ArrayLista)";"0.0024911293";"133";"3"
"              Utils.Spath.constuir_camino_de_puntos(Utils.Spath.Punto_M, Utils.Spath.Punto_M, Utils.ArrayLista)";"0.0020603326";"110";"3"
"               Utils.Spath.constuir_camino_de_puntos(Utils.Spath.Punto_M, Utils.Spath.Punto_M, Utils.ArrayLista)";"0.0016857266";"90";"3"
"                Utils.Spath.constuir_camino_de_puntos(Utils.Spath.Punto_M, Utils.Spath.Punto_M, Utils.ArrayLista)";"0.0012549298";"67";"3"
"                 Utils.ArrayLista.add(Object)";"5.431786E-4";"29";"4"
"                  Self time";"3.933362E-4";"21";"4"
"                  Sistema.Tipos.Punto.equals(Object)";"1.4984237E-4";"8";"17"
"                 Utils.Spath.constuir_camino_de_puntos(Utils.Spath.Punto_M, Utils.Spath.Punto_M, Utils.ArrayLista)";"5.244483E-4";"28";"2"
"                  Utils.Spath.constuir_camino_de_puntos(Utils.Spath.Punto_M, Utils.Spath.Punto_M, Utils.ArrayLista)";"3.3714532E-4";"18";"1"
"                   Utils.Spath.constuir_camino_de_puntos(Utils.Spath.Punto_M, Utils.Spath.Punto_M, Utils.ArrayLista)";"2.0603325E-4";"11";"1"
"                    Utils.ArrayLista.add(Object)";"1.8730295E-4";"10";"2"
"                     Self time";"1.4984237E-4";"8";"2"
"                     Sistema.Tipos.Punto.equals(Object)";"1.8730296E-5";"1";"15"
"                    Self time";"0.0";"0";"1"
"                    Sistema.Tipos.Punto.equals(Object)";"0.0";"0";"1"
"                   Utils.ArrayLista.add(Object)";"5.6190886E-5";"3";"1"
"                    Self time";"3.746059E-5";"2";"1"
"                    Sistema.Tipos.Punto.equals(Object)";"0.0";"0";"6"
"                   Self time";"3.746059E-5";"2";"1"
"                   Sistema.Tipos.Punto.equals(Object)";"0.0";"0";"1"
"                  Utils.ArrayLista.add(Object)";"1.3111207E-4";"7";"3"
"                   Self time";"1.3111207E-4";"7";"3"
"                   Sistema.Tipos.Punto.equals(Object)";"0.0";"0";"16"
"                  Self time";"1.8730296E-5";"1";"2"
"                  Sistema.Tipos.Punto.equals(Object)";"1.8730296E-5";"1";"2"
"                 Self time";"1.4984237E-4";"8";"3"
"                 Sistema.Tipos.Punto.equals(Object)";"1.8730296E-5";"1";"3"
"                Utils.ArrayLista.add(Object)";"2.2476354E-4";"12";"3"
"                 Self time";"1.8730295E-4";"10";"3"
"                 Sistema.Tipos.Punto.equals(Object)";"3.746059E-5";"2";"9"
"                Self time";"1.4984237E-4";"8";"3"
"                Sistema.Tipos.Punto.equals(Object)";"0.0";"0";"3"
"               Utils.ArrayLista.add(Object)";"1.8730295E-4";"10";"3"
"                Self time";"1.3111207E-4";"7";"3"
"                Sistema.Tipos.Punto.equals(Object)";"5.6190886E-5";"3";"6"
"               Self time";"1.4984237E-4";"8";"3"
"               Sistema.Tipos.Punto.equals(Object)";"0.0";"0";"3"
"              Utils.ArrayLista.add(Object)";"2.2476354E-4";"12";"3"
"               Sistema.Tipos.Punto.equals(Object)";"1.3111207E-4";"7";"3"
"               Self time";"9.365148E-5";"5";"3"
"              Self time";"1.4984237E-4";"8";"3"
"              Sistema.Tipos.Punto.equals(Object)";"1.8730296E-5";"1";"3"
"             Self time";"2.4349385E-4";"13";"3"
"             Utils.ArrayLista.add(Object)";"9.365148E-5";"5";"3"
"             Sistema.Tipos.Punto.equals(Object)";"0.0";"0";"3"
"            Sistema.Tipos.Punto.equals(Object)";"0.0016669963";"89";"123"
"            Utils.Spath$etq_comparator.<init>(Utils.Spath.1)";"0.0015171539";"81";"48"
"             Self time";"0.0010301663";"55";"48"
"             Utils.Spath$etq_comparator.<init>()";"4.682574E-4";"25";"48"
"            Utils.Spath$Punto_M.<init>(Sistema.Tipos.Punto)";"8.054027E-4";"43";"3"
"             Self time";"4.682574E-4";"25";"3"
"             Utils.Spath$Punto_M.<init>(long, float, float)";"3.3714532E-4";"18";"3"
"              Self time";"2.8095444E-4";"15";"3"
"              Sistema.Tipos.Punto.<init>(long, float, float)";"5.6190886E-5";"3";"3"
"            Utils.ArrayLista.<init>()";"4.682574E-4";"25";"9"
"           Self time";"5.619089E-4";"30";"3"
"          Interfaz.IU.informar(String, Interfaz.InformarConst)";"0.070070036";"3741";"3"
"           Interfaz.Traductor.informar_hosp(String, javax.swing.JFrame)";"0.06977035";"3725";"3"
"            Interfaz.Swing.Simulacion.set_ihosp(String)";"0.06913352";"3691";"3"
"            Self time";"6.1809976E-4";"33";"3"
"           Self time";"2.9968473E-4";"16";"3"
"          Utils.System_Log.log_normal(String)";"0.0398768";"2129";"3"
"          Self time";"0.0072673545";"388";"3"
"          Sistema.Tipos.Punto.toString()";"0.0032590714";"174";"3"
"          Sistema.Tipos.Pedido.siguiente_tramo()";"0.0015920751";"85";"2"
"           Sistema.Tipos.Ambulancias.Ambulancia.tiempoXcuadra(Sistema.Tipos.Calle)";"9.1778446E-4";"49";"2"
"           Self time";"6.7429064E-4";"36";"2"
"          Sistema.Tipos.Admin_Ambulancias.hay_ambulancias(Class)";"5.619089E-4";"30";"3"
"          Sistema.Tipos.Admin_Ambulancias.sacar_ambulancia(Class)";"4.307968E-4";"23";"3"
"          Utils.ArrayLista.add(Object)";"1.8730295E-4";"10";"3"
"           Self time";"1.3111207E-4";"7";"3"
"           Sistema.Tipos.Pedido.equals(Object)";"3.746059E-5";"2";"3"
"         Self time";"6.3683005E-4";"34";"3"
"         Sistema.Tipos.Pedido.<init>(int, Sistema.Tipos.Punto, Class)";"4.4952708E-4";"24";"3"
"        Self time";"0.0025473202";"136";"3"
"        Sistema.Tipos.Punto.<init>(long, float, float)";"9.365148E-5";"5";"3"
"       Self time";"0.0044016195";"235";"3"
"       Interfaz.Swing.Nucleo_Keeper.get_Nucleo()";"1.3111207E-4";"7";"3"
"      Self time";"3.1841503E-4";"17";"3"
"     Self time";"0.0012361995";"66";"3"
"    Interfaz.Swing.Menu_Hospital$1.actionPerformed(java.awt.event.ActionEvent)";"10.149704";"541887";"1"
"     Interfaz.Swing.Menu_Hospital.access$000(Interfaz.Swing.Menu_Hospital, java.awt.event.ActionEvent)";"10.148954";"541847";"1"
"      Interfaz.Swing.Menu_Hospital.set_hospActionPerformed(java.awt.event.ActionEvent)";"10.148711";"541834";"1"
"       Sistema.Sistema.config_hospital(long)";"6.4097505";"342213";"1"
"        Sistema.Tipos.Ciudad.setHospital(long)";"4.4531465";"237751";"1"
"         Sistema.Tipos.Hospital.<init>(Sistema.Tipos.Logistica, Sistema.Tipos.Punto)";"4.401526";"234995";"1"
"          Utils.Tipo_Utils.subclases_ambulancia()";"3.5562277";"189865";"1"
"           Utils.SubClassFinder.findSubclasses(String)";"2.2627509";"120807";"1"
"            Utils.SubClassFinder.findSubclasses(Class, java.util.Map)";"2.2328947";"119213";"1"
"             Utils.SubClassFinder.findSubclasses(java.net.URL, String, Class)";"2.2080584";"117887";"9"
"              Self time";"2.1963894";"117264";"9"
"              Utils.SubClassFinder$3.compare(Object, Object)";"0.0053568645";"286";"11"
"               Utils.SubClassFinder$3.compare(Class, Class)";"0.0040644743";"217";"11"
"               Self time";"0.0012736601";"68";"11"
"              Interfaz.InformarConst.<clinit>";"0.0030343079";"162";"1"
"               Self time";"0.0025473202";"136";"1"
"               Interfaz.InformarConst.<init>(String, int)";"4.682574E-4";"25";"9"
"              Interfaz.IU$1.<clinit>";"0.001460963";"78";"1"
"               Self time";"7.492118E-4";"40";"1"
"               Interfaz.InformarConst.values()";"6.9302093E-4";"37";"1"
"             Utils.SubClassFinder$2.compare(Object, Object)";"0.01702584";"909";"25"
"              Utils.SubClassFinder$2.compare(java.net.URL, java.net.URL)";"0.0154899545";"827";"25"
"              Self time";"0.0015358842";"82";"25"
"             Self time";"0.007791803";"416";"1"
"            Self time";"0.029818632";"1592";"1"
"           Utils.SubClassFinder.<init>()";"1.1282942";"60239";"1"
"            Utils.SubClassFinder.refreshLocations()";"1.1260654";"60120";"1"
"             Utils.SubClassFinder.getClasspathLocations()";"1.1259342";"60113";"1"
"              Utils.SubClassFinder.include(String, java.io.File, java.util.Map)";"1.1212704";"59864";"1"
"               Utils.SubClassFinder.include(String, java.io.File, java.util.Map)";"0.5818754";"31066";"6"
"                Utils.SubClassFinder.include(String, java.io.File, java.util.Map)";"0.3341672";"17841";"2"
"                 Utils.SubClassFinder$1.accept(java.io.File)";"0.19653699";"10493";"94"
"                 Self time";"0.10957223";"5850";"2"
"                 Utils.SubClassFinder.include(String, java.io.File, java.util.Map)";"0.024892563";"1329";"1"
"                  Utils.SubClassFinder$1.accept(java.io.File)";"0.014946776";"798";"7"
"                  Self time";"0.009927057";"530";"1"
"                 Utils.SubClassFinder$2.compare(Object, Object)";"0.0031466896";"168";"4"
"                  Utils.SubClassFinder$2.compare(java.net.URL, java.net.URL)";"0.0029593867";"158";"4"
"                  Self time";"1.6857266E-4";"9";"4"
"                Self time";"0.17906162";"9560";"6"
"                Utils.SubClassFinder$1.accept(java.io.File)";"0.06452587";"3445";"31"
"                Utils.SubClassFinder$2.compare(Object, Object)";"0.004101935";"219";"5"
"                 Utils.SubClassFinder$2.compare(java.net.URL, java.net.URL)";"0.0037835198";"202";"5"
"                 Self time";"2.9968473E-4";"16";"5"
"               Self time";"0.5156263";"27529";"1"
"               Utils.SubClassFinder$2.compare(Object, Object)";"0.01204358";"643";"14"
"                Utils.SubClassFinder$2.compare(java.net.URL, java.net.URL)";"0.010975953";"586";"14"
"                Self time";"0.0010488966";"56";"14"
"               Utils.SubClassFinder$1.accept(java.io.File)";"0.011706435";"625";"6"
"              Self time";"0.0046638437";"249";"1"
"             Self time";"1.3111207E-4";"7";"1"
"            Self time";"0.0022289052";"119";"1"
"           Utils.SubClassFinder.<clinit>";"0.096404836";"5147";"1"
"            Self time";"0.09582419";"5116";"1"
"            Utils.SubClassFinder$1.<init>()";"1.6857266E-4";"9";"1"
"            Utils.SubClassFinder$3.<init>()";"1.6857266E-4";"9";"1"
"            Utils.SubClassFinder$2.<init>()";"1.4984237E-4";"8";"1"
"           Self time";"0.06815954";"3639";"1"
"           Utils.SubClassFinder.getErrors()";"5.05718E-4";"27";"1"
"          Sistema.Tipos.Admin_Ambulancias.<init>(Sistema.Tipos.Punto)";"0.6609172";"35286";"1"
"           Utils.Tipo_Utils.subclases_ambulancia()";"0.58254963";"31102";"1"
"            Utils.SubClassFinder.<init>()";"0.43167713";"23047";"1"
"             Utils.SubClassFinder.refreshLocations()";"0.4315273";"23039";"1"
"              Utils.SubClassFinder.getClasspathLocations()";"0.43147108";"23036";"1"
"               Utils.SubClassFinder.include(String, java.io.File, java.util.Map)";"0.42972916";"22943";"1"
"                Utils.SubClassFinder.include(String, java.io.File, java.util.Map)";"0.3888222";"20759";"6"
"                 Utils.SubClassFinder.include(String, java.io.File, java.util.Map)";"0.26544574";"14172";"2"
"                  Utils.SubClassFinder$1.accept(java.io.File)";"0.18932582";"10108";"94"
"                  Self time";"0.05019719";"2680";"2"
"                  Utils.SubClassFinder.include(String, java.io.File, java.util.Map)";"0.023937318";"1278";"1"
"                   Utils.SubClassFinder$1.accept(java.io.File)";"0.014422327";"770";"7"
"                   Self time";"0.00951499";"508";"1"
"                  Utils.SubClassFinder$2.compare(Object, Object)";"0.0019479508";"104";"4"
"                   Utils.SubClassFinder$2.compare(java.net.URL, java.net.URL)";"0.0017044569";"91";"4"
"                   Self time";"2.2476354E-4";"12";"4"
"                 Utils.SubClassFinder$1.accept(java.io.File)";"0.06304617";"3366";"31"
"                 Self time";"0.057857882";"3089";"6"
"                 Utils.SubClassFinder$2.compare(Object, Object)";"0.0024536687";"131";"5"
"                  Utils.SubClassFinder$2.compare(java.net.URL, java.net.URL)";"0.0021727143";"116";"5"
"                  Self time";"2.6222414E-4";"14";"5"
"                Self time";"0.022570007";"1205";"1"
"                Utils.SubClassFinder$1.accept(java.io.File)";"0.0113130985";"604";"6"
"                Utils.SubClassFinder$2.compare(Object, Object)";"0.0070051304";"374";"14"
"                 Utils.SubClassFinder$2.compare(java.net.URL, java.net.URL)";"0.0061809975";"330";"14"
"                 Self time";"8.054027E-4";"43";"14"
"               Self time";"0.0017419175";"93";"1"
"              Self time";"5.6190886E-5";"3";"1"
"             Self time";"1.3111207E-4";"7";"1"
"            Utils.SubClassFinder.findSubclasses(String)";"0.15016077";"8017";"1"
"             Utils.SubClassFinder.findSubclasses(Class, java.util.Map)";"0.14946777";"7980";"1"
"              Utils.SubClassFinder.findSubclasses(java.net.URL, String, Class)";"0.13506417";"7211";"9"
"               Self time";"0.13173017";"7033";"9"
"               Utils.SubClassFinder$3.compare(Object, Object)";"0.0033152623";"177";"11"
"                Utils.SubClassFinder$3.compare(Class, Class)";"0.0027158929";"145";"11"
"                Self time";"5.9936946E-4";"32";"11"
"              Utils.SubClassFinder$2.compare(Object, Object)";"0.011743896";"627";"25"
"               Utils.SubClassFinder$2.compare(java.net.URL, java.net.URL)";"0.010451505";"558";"25"
"               Self time";"0.0012736601";"68";"25"
"              Self time";"0.0026409717";"141";"1"
"             Self time";"6.9302093E-4";"37";"1"
"            Self time";"5.431786E-4";"29";"1"
"            Utils.SubClassFinder.getErrors()";"1.3111207E-4";"7";"1"
"           Utils.System_Log.<init>(String)";"0.06995765";"3735";"1"
"            Self time";"0.06791605";"3626";"1"
"            Utils.System_Log.crear_directorio(String)";"0.002022872";"108";"1"
"           Self time";"0.008372442";"447";"1"
"           Interfaz.Interface_Keeper.get_Interfaz()";"1.8730296E-5";"1";"1"
"          Self time";"0.0832187";"4443";"1"
"          Utils.System_Log.<init>(String)";"0.07628849";"4073";"1"
"           Self time";"0.07117512";"3800";"1"
"           Utils.System_Log.crear_directorio(String)";"0.0050946404";"272";"1"
"          Utils.System_Log.log_normal(String)";"0.02468653";"1318";"1"
"          Utils.ArrayLista.<init>()";"5.6190886E-5";"3";"1"
"          Interfaz.Interface_Keeper.get_Interfaz()";"3.746059E-5";"2";"1"
"         Self time";"0.05133974";"2741";"1"
"         Utils.ArrayLista.buscar(Object)";"1.3111207E-4";"7";"1"
"          Self time";"9.365148E-5";"5";"1"
"          Sistema.Tipos.Punto.equals(Object)";"3.746059E-5";"2";"1"
"         Sistema.Tipos.Punto.<init>(long, float, float)";"3.746059E-5";"2";"1"
"        Interfaz.IU.informar(String)";"1.9553305";"104394";"1"
"        Self time";"0.0012549298";"67";"1"
"       Self time";"3.4939868";"186542";"1"
"       Interfaz.Swing.Nucleo_Keeper.get_Nucleo()";"3.746059E-5";"2";"1"
"      Self time";"2.2476354E-4";"12";"1"
"     Self time";"7.304815E-4";"39";"1"
"    Interfaz.Swing.Carga_de_Archivo$2.actionPerformed(java.awt.event.ActionEvent)";"8.217711";"438739";"2"
"     Self time";"4.642585";"247865";"2"
"     Sistema.Sistema.crear_ciudad(String)";"3.2201874";"171924";"2"
"      Sistema.Tipos.Ciudad.<init>(String)";"3.1637156";"168909";"2"
"       Utils.Admin_Ciudad.Crear_Ciudad(Utils.ArrayLista, Utils.ArrayLista, String)";"2.9977088";"160046";"2"
"        Utils.Punto_Stream.leer_puntos()";"1.3527395";"72222";"2"
"         Utils.Map_Log.log_normal(String)";"1.1450579";"61134";"4"
"         Utils.Punto_Stream.existe_coord(Utils.ArrayLista, float, float)";"0.06692335";"3573";"50"
"          Self time";"0.05079656";"2712";"50"
"          Sistema.Tipos.Punto.equal_pos(float, float)";"0.016108055";"860";"600"
"         Utils.Punto_Stream.toPunto(String)";"0.05830741";"3113";"50"
"          Self time";"0.05630327";"3006";"50"
"          Sistema.Tipos.Punto.<init>(long, float, float)";"0.001966681";"105";"50"
"         Utils.ArrayLista.add(Object)";"0.04489652";"2397";"50"
"          Self time";"0.029331643";"1566";"50"
"          Sistema.Tipos.Punto.equals(Object)";"0.015564876";"831";"600"
"         Utils.Input_Stream.read()";"0.02346906";"1253";"52"
"         Self time";"0.013167398";"703";"2"
"         Utils.Input_Stream.filename()";"6.5556035E-4";"35";"4"
"         Utils.ArrayLista.<init>()";"1.8730295E-4";"10";"2"
"        Utils.Calle_Stream.leer_calles(Utils.ArrayLista)";"1.0862073";"57992";"2"
"         Utils.Calle_Stream.toCalle(String, Utils.ArrayLista)";"0.7638402";"40781";"92"
"          Self time";"0.51204884";"27338";"92"
"          Utils.ArrayLista.buscar(Object)";"0.18187118";"9710";"184"
"           Self time";"0.12178438";"6502";"184"
"           Sistema.Tipos.Punto.equals(Object)";"0.06006806";"3207";"2380"
"          Sistema.Tipos.Punto.equals(Object)";"0.059393767";"3171";"2380"
"          Sistema.Tipos.Punto.<init>(long, float, float)";"0.0059187734";"316";"184"
"          Sistema.Tipos.Calle.<init>(long, Sistema.Tipos.Punto, Sistema.Tipos.Punto, String, int, int)";"0.0045327316";"242";"92"
"         Utils.ArrayLista.add(Object)";"0.14304326";"7637";"92"
"          Self time";"0.09486895";"5065";"92"
"          Sistema.Tipos.Calle.equals(Object)";"0.04815559";"2571";"2070"
"         Utils.Map_Log.log_normal(String)";"0.10749317";"5739";"4"
"         Utils.Input_Stream.read()";"0.055235643";"2949";"94"
"         Self time";"0.016089324";"859";"2"
"         Utils.Input_Stream.filename()";"3.1841503E-4";"17";"4"
"         Utils.ArrayLista.<init>()";"1.1238177E-4";"6";"2"
"        Utils.Punto_Stream.<init>(String)";"0.30749527";"16417";"2"
"         Utils.Map_Log.<init>(String)";"0.22613086";"12073";"2"
"         Self time";"0.045870494";"2449";"2"
"         Utils.Input_Stream.<init>(String)";"0.035437718";"1892";"2"
"          Self time";"0.02777703";"1483";"2"
"          Utils.Input_Stream.crear_directorio(String)";"0.007660691";"409";"2"
"        Utils.Calle_Stream.<init>(String)";"0.1517154";"8100";"2"
"         Utils.Map_Log.<init>(String)";"0.123114236";"6573";"2"
"         Utils.Input_Stream.<init>(String)";"0.025978921";"1387";"2"
"          Self time";"0.021090314";"1126";"2"
"          Utils.Input_Stream.crear_directorio(String)";"0.004888607";"261";"2"
"         Self time";"0.0026222414";"140";"2"
"        Self time";"0.09936422";"5305";"2"
"       Sistema.Tipos.Ciudad.<init>()";"0.10762428";"5746";"2"
"        Self time";"0.10621951";"5671";"2"
"        Utils.ArrayLista.<init>()";"5.9936946E-4";"32";"4"
"        Sistema.Tipos.Torre_Transito.<init>(Sistema.Tipos.Ciudad)";"3.558756E-4";"19";"2"
"        Sistema.Tipos.Logistica.<init>(Sistema.Tipos.Ciudad, Sistema.Tipos.Hospital)";"2.9968473E-4";"16";"2"
"       Self time";"0.05828868";"3112";"2"
"      Self time";"0.05641565";"3012";"2"
"     Interfaz.Swing.Nucleo_Keeper.get_Nucleo()";"9.365148E-5";"5";"2"
"    Interfaz.Swing.Carga_de_BD$2.actionPerformed(java.awt.event.ActionEvent)";"5.4103956";"288858";"1"
"     Sistema.Sistema.cargar_mapa(String)";"5.181212";"276622";"1"
"      Interfaz.IU.error(String)";"2.8023145";"149614";"1"
"      Sistema.Tipos.Ciudad.cargarCiudadBD(String)";"2.377043";"126909";"1"
"       Utils.Admin_Ciudad.Cargar_Ciudad_BD(Utils.ArrayLista, Utils.ArrayLista, String)";"2.3767433";"126893";"1"
"        Self time";"2.3754697";"126825";"1"
"        Excepciones.AccesoBaseDatosException.<init>(String)";"0.001142548";"61";"1"
"       Self time";"2.8095444E-4";"15";"1"
"      Self time";"0.001142548";"61";"1"
"      Sistema.Tipos.Ciudad.<init>()";"6.9302093E-4";"37";"1"
"       Self time";"3.3714532E-4";"18";"1"
"       Utils.ArrayLista.<init>()";"2.4349385E-4";"13";"2"
"       Sistema.Tipos.Logistica.<init>(Sistema.Tipos.Ciudad, Sistema.Tipos.Hospital)";"3.746059E-5";"2";"1"
"       Sistema.Tipos.Torre_Transito.<init>(Sistema.Tipos.Ciudad)";"3.746059E-5";"2";"1"
"     Self time";"0.2289404";"12223";"1"
"     Interfaz.Swing.Nucleo_Keeper.get_Nucleo()";"3.746059E-5";"2";"1"
"    Interfaz.Swing.Menu_Ambulancias$2.actionPerformed(java.awt.event.ActionEvent)";"5.27299";"281522";"2"
"     Interfaz.Swing.Menu_Ambulancias.access$100(Interfaz.Swing.Menu_Ambulancias, java.awt.event.ActionEvent)";"5.2720723";"281473";"2"
"      Interfaz.Swing.Menu_Ambulancias.jButton2ActionPerformed(java.awt.event.ActionEvent)";"5.2717166";"281454";"2"
"       Interfaz.Swing.Comprar_Ambulancias.<init>()";"4.2543244";"227136";"2"
"        Interfaz.Swing.Comprar_Ambulancias.initComponents()";"4.1986203";"224162";"2"
"         Self time";"2.4743845";"132106";"2"
"         Utils.Tipo_Utils.subclases_ambulancia()";"1.6454753";"87851";"2"
"          Utils.SubClassFinder.<init>()";"1.1601545";"61940";"2"
"           Utils.SubClassFinder.refreshLocations()";"1.1597799";"61920";"2"
"            Utils.SubClassFinder.getClasspathLocations()";"1.1595739";"61909";"2"
"             Utils.SubClassFinder.include(String, java.io.File, java.util.Map)";"1.1567456";"61758";"2"
"              Utils.SubClassFinder.include(String, java.io.File, java.util.Map)";"1.0614271";"56669";"12"
"               Utils.SubClassFinder.include(String, java.io.File, java.util.Map)";"0.77198786";"41216";"4"
"                Utils.SubClassFinder$1.accept(java.io.File)";"0.5134536";"27413";"188"
"                Self time";"0.20339228";"10859";"4"
"                Utils.SubClassFinder.include(String, java.io.File, java.util.Map)";"0.052220065";"2788";"2"
"                 Utils.SubClassFinder$1.accept(java.io.File)";"0.030174507";"1611";"14"
"                 Self time";"0.022026828";"1176";"2"
"                Utils.SubClassFinder$2.compare(Object, Object)";"0.0029031958";"155";"8"
"                 Utils.SubClassFinder$2.compare(java.net.URL, java.net.URL)";"0.002472399";"132";"8"
"                 Self time";"4.120665E-4";"22";"8"
"               Utils.SubClassFinder$1.accept(java.io.File)";"0.14911188";"7961";"62"
"               Self time";"0.13635655";"7280";"12"
"               Utils.SubClassFinder$2.compare(Object, Object)";"0.003933362";"210";"10"
"                Utils.SubClassFinder$2.compare(java.net.URL, java.net.URL)";"0.0033527229";"179";"10"
"                Self time";"5.806392E-4";"31";"10"
"              Self time";"0.053512454";"2857";"2"
"              Utils.SubClassFinder$1.accept(java.io.File)";"0.031167213";"1664";"12"
"              Utils.SubClassFinder$2.compare(Object, Object)";"0.010601347";"566";"28"
"               Utils.SubClassFinder$2.compare(java.net.URL, java.net.URL)";"0.009028003";"482";"28"
"               Self time";"0.0015546145";"83";"28"
"             Self time";"0.0028282746";"151";"2"
"            Self time";"1.8730295E-4";"10";"2"
"           Self time";"3.746059E-4";"20";"2"
"          Utils.SubClassFinder.findSubclasses(String)";"0.4837848";"25829";"2"
"           Utils.SubClassFinder.findSubclasses(Class, java.util.Map)";"0.4823051";"25750";"2"
"            Utils.SubClassFinder.findSubclasses(java.net.URL, String, Class)";"0.45964146";"24540";"18"
"             Self time";"0.45467794";"24275";"18"
"             Utils.SubClassFinder$3.compare(Object, Object)";"0.004944798";"264";"22"
"              Utils.SubClassFinder$3.compare(Class, Class)";"0.0037647896";"201";"22"
"              Self time";"0.0011800086";"63";"22"
"            Utils.SubClassFinder$2.compare(Object, Object)";"0.017569017";"938";"50"
"             Utils.SubClassFinder$2.compare(java.net.URL, java.net.URL)";"0.014965506";"799";"50"
"             Self time";"0.002603511";"139";"50"
"            Self time";"0.00505718";"270";"2"
"           Self time";"0.001460963";"78";"2"
"          Self time";"0.0012174692";"65";"2"
"          Utils.SubClassFinder.getErrors()";"2.9968473E-4";"16";"2"
"         Interfaz.Swing.Comprar_Ambulancias$2.<init>(Interfaz.Swing.Comprar_Ambulancias)";"2.9968473E-4";"16";"2"
"         Interfaz.Swing.Comprar_Ambulancias$1.<init>(Interfaz.Swing.Comprar_Ambulancias)";"2.8095444E-4";"15";"2"
"         Interfaz.Swing.Comprar_Ambulancias$3.<init>(Interfaz.Swing.Comprar_Ambulancias)";"2.0603325E-4";"11";"2"
"        Self time";"0.051246088";"2736";"2"
"       Self time";"1.0169239";"54293";"2"
"      Self time";"3.558756E-4";"19";"2"
"     Self time";"9.1778446E-4";"49";"2"
"    Interfaz.Swing.Main$6.actionPerformed(java.awt.event.ActionEvent)";"4.5739384";"244200";"1"
"     Sistema.Sistema.iniciar_simul()";"2.0567362";"109808";"1"
"      Interfaz.IU.informar(String)";"2.0557997";"109758";"1"
"      Self time";"8.054027E-4";"43";"1"
"      Sistema.Sistema.hopsitalCreado()";"7.492118E-5";"4";"1"
"      Sistema.Sistema.ciudadCreada()";"3.746059E-5";"2";"1"
"     Interfaz.Swing.Simulacion.<init>()";"1.8028471";"96253";"1"
"      Interfaz.Swing.Simulacion.initComponents()";"1.7808952";"95081";"1"
"       Self time";"1.6922635";"90349";"1"
"       Interfaz.Swing.Simulacion$6.<init>(Interfaz.Swing.Simulacion)";"2.4349385E-4";"13";"1"
"       Interfaz.Swing.Simulacion$4.<init>(Interfaz.Swing.Simulacion)";"2.2476354E-4";"12";"1"
"       Interfaz.Swing.Simulacion$8.<init>(Interfaz.Swing.Simulacion)";"2.2476354E-4";"12";"1"
"       Interfaz.Swing.Simulacion$1.<init>(Interfaz.Swing.Simulacion)";"2.0603325E-4";"11";"1"
"       Interfaz.Swing.Simulacion$7.<init>(Interfaz.Swing.Simulacion)";"2.0603325E-4";"11";"1"
"       Interfaz.Swing.Simulacion$2.<init>(Interfaz.Swing.Simulacion)";"1.6857266E-4";"9";"1"
"       Interfaz.Swing.Simulacion$3.<init>(Interfaz.Swing.Simulacion)";"1.6857266E-4";"9";"1"
"       Interfaz.Swing.Simulacion$5.<init>(Interfaz.Swing.Simulacion)";"1.6857266E-4";"9";"1"
"       Interfaz.Swing.Simulacion$9.<init>(Interfaz.Swing.Simulacion)";"1.6857266E-4";"9";"1"
"       Interfaz.Swing.Simulacion$11.<init>(Interfaz.Swing.Simulacion)";"1.6857266E-4";"9";"1"
"       Interfaz.Swing.Simulacion$12.<init>(Interfaz.Swing.Simulacion)";"1.6857266E-4";"9";"1"
"       Interfaz.Swing.Simulacion$10.<init>(Interfaz.Swing.Simulacion)";"1.4984237E-4";"8";"1"
"      Self time";"0.019704271";"1052";"1"
"     Self time";"0.7140176";"38121";"1"
"     Interfaz.Swing.Nucleo_Keeper.get_Nucleo()";"3.746059E-5";"2";"1"
"     Interfaz.Interface_Keeper.get_Interfaz()";"3.746059E-5";"2";"1"
"    Interfaz.Swing.Menu_Ambulancias$3.actionPerformed(java.awt.event.ActionEvent)";"4.0866323";"218183";"1"
"     Interfaz.Swing.Menu_Ambulancias.access$200(Interfaz.Swing.Menu_Ambulancias, java.awt.event.ActionEvent)";"4.0859017";"218144";"1"
"      Interfaz.Swing.Menu_Ambulancias.jButton1ActionPerformed(java.awt.event.ActionEvent)";"4.0856957";"218133";"1"
"       Self time";"2.813253";"150198";"1"
"       Sistema.Sistema.buscar_ambulancia(long)";"1.0244161";"54693";"1"
"        Interfaz.IU.informar(String, Interfaz.InformarConst)";"1.0177668";"54338";"1"
"         Interfaz.Swing.Datos_Ambulancia.<init>()";"0.6716497";"35859";"1"
"          Interfaz.Swing.Datos_Ambulancia.initComponents()";"0.6482368";"34609";"1"
"          Self time";"0.021165235";"1130";"1"
"         Self time";"0.20202497";"10786";"1"
"         Interfaz.Traductor.informar_datos_ambu(String, Interfaz.Swing.Datos_Ambulancia)";"0.14405471";"7691";"1"
"          Interfaz.Swing.Datos_Ambulancia.setPos(String)";"0.07488372";"3998";"1"
"          Interfaz.Swing.Datos_Ambulancia.setID(String)";"0.025454473";"1359";"1"
"          Interfaz.Swing.Datos_Ambulancia.setManeobrabilidad(String)";"0.018842677";"1006";"1"
"          Interfaz.Swing.Datos_Ambulancia.setTipo(String)";"0.017381715";"928";"1"
"          Self time";"0.007454658";"398";"1"
"        Self time";"0.0025847808";"138";"1"
"        Sistema.Tipos.Punto.toString()";"0.0023225567";"124";"1"
"        Sistema.Tipos.Hospital.get_Ambulancia_byId(long)";"0.0017044569";"91";"1"
"         Sistema.Tipos.Admin_Ambulancias.get_Ambulancia_byId(long)";"0.0015546145";"83";"1"
"         Self time";"1.4984237E-4";"8";"1"
"       Interfaz.Swing.Nucleo_Keeper.get_Nucleo()";"3.746059E-5";"2";"1"
"      Self time";"2.0603325E-4";"11";"1"
"     Self time";"7.117512E-4";"38";"1"
"    Interfaz.Swing.Simulacion$9.actionPerformed(java.awt.event.ActionEvent)";"3.9113727";"208826";"1"
"     Interfaz.Swing.Simulacion.access$800(Interfaz.Swing.Simulacion, java.awt.event.ActionEvent)";"3.9107547";"208793";"1"
"      Interfaz.Swing.Simulacion.jMenuItem3ActionPerformed(java.awt.event.ActionEvent)";"3.9105673";"208783";"1"
"       Sistema.Sistema.finalizar_sim()";"2.884578";"154006";"1"
"        Interfaz.IU.informar(String)";"2.8841283";"153982";"1"
"        Self time";"4.307968E-4";"23";"1"
"       Self time";"0.5233057";"27939";"1"
"       Interfaz.Swing.Main.<init>()";"0.50193447";"26798";"1"
"        Interfaz.Swing.Main.initialize()";"0.4811813";"25690";"1"
"         Self time";"0.40820807";"21794";"1"
"         Interfaz.Swing.Main.getJContentPane()";"0.071868144";"3837";"1"
"          Interfaz.Swing.Main.getSalir()";"0.023750015";"1268";"1"
"           Self time";"0.022326512";"1192";"1"
"           Interfaz.Swing.Main$7.<init>(Interfaz.Swing.Main)";"1.8730296E-5";"1";"1"
"          Self time";"0.015358843";"820";"1"
"          Interfaz.Swing.Main.getMapa()";"0.011912468";"636";"1"
"           Self time";"0.010357854";"553";"1"
"           Interfaz.Swing.Main$4.<init>(Interfaz.Swing.Main)";"0.0";"0";"1"
"          Interfaz.Swing.Main.getAmbulancias()";"0.010001978";"534";"1"
"           Self time";"0.008559745";"457";"1"
"           Interfaz.Swing.Main$5.<init>(Interfaz.Swing.Main)";"0.0";"0";"1"
"          Interfaz.Swing.Main.getSimular()";"0.008466094";"452";"1"
"           Self time";"0.0070613213";"377";"1"
"           Interfaz.Swing.Main$6.<init>(Interfaz.Swing.Main)";"1.8730296E-5";"1";"1"
"          Interfaz.Swing.Main$2.<init>(Interfaz.Swing.Main)";"1.8730296E-5";"1";"1"
"          Interfaz.Swing.Main$3.<init>(Interfaz.Swing.Main)";"1.8730296E-5";"1";"1"
"         Interfaz.Swing.Main$1.<init>(Interfaz.Swing.Main)";"1.8730296E-5";"1";"1"
"        Self time";"0.018524263";"989";"1"
"       Interfaz.Interface_Keeper.get_Interfaz()";"1.8730296E-5";"1";"1"
"       Interfaz.Swing.Nucleo_Keeper.get_Nucleo()";"0.0";"0";"1"
"      Self time";"1.6857266E-4";"9";"1"
"     Self time";"5.9936946E-4";"32";"1"
"    Interfaz.Swing.Simulacion$4.actionPerformed(java.awt.event.ActionEvent)";"3.8120272";"203522";"1"
"     Interfaz.Swing.Simulacion.access$300(Interfaz.Swing.Simulacion, java.awt.event.ActionEvent)";"3.8113341";"203485";"1"
"      Interfaz.Swing.Simulacion.jButton1ActionPerformed(java.awt.event.ActionEvent)";"3.811147";"203475";"1"
"       Sistema.Sistema.modificar_dificultad_calle()";"3.8108473";"203459";"1"
"        Interfaz.IU.informar(String)";"3.1407897";"167685";"1"
"        Sistema.Tipos.Ciudad.cambiar_dificultad()";"0.66960806";"35750";"1"
"         Sistema.Tipos.Torre_Transito.reporte_transito()";"0.6694395";"35741";"1"
"          Interfaz.IU.informar(String, Interfaz.InformarConst)";"0.5174431";"27626";"47"
"           Interfaz.Traductor.informar_torre(String, javax.swing.JFrame)";"0.5158511";"27541";"47"
"            Interfaz.Swing.Simulacion.set_itorre(String)";"0.5098012";"27218";"47"
"            Self time";"0.006031155";"322";"47"
"           Self time";"0.0015920751";"85";"47"
"          Sistema.Tipos.Hospital.recalculo_ruta()";"0.11783229";"6291";"1"
"           Sistema.Tipos.Logistica.camino_ida(Sistema.Tipos.Pedido)";"0.09852135";"5260";"2"
"            Utils.Spath.camino_mas_corto(Sistema.Tipos.Punto, Sistema.Tipos.Punto, Sistema.Tipos.Ciudad)";"0.09846517";"5257";"2"
"             Utils.Spath.puntos_activos(Utils.ArrayLista)";"0.05519818";"2947";"54"
"              Utils.ArrayLista.add(Object)";"0.037891388";"2023";"962"
"               Self time";"0.03873425";"2068";"962"
"               Sistema.Tipos.Punto.equals(Object)";"0.0";"0";"8813"
"              Self time";"0.016014403";"855";"54"
"              Utils.ArrayLista.<init>()";"0.0012736601";"68";"54"
"             Utils.Spath.obtener_vecinos(Utils.ArrayLista, Utils.Spath.Punto_M, Utils.ArrayLista)";"0.013542004";"723";"26"
"              Self time";"0.012605489";"673";"26"
"              Utils.ArrayLista.add(Object)";"7.492118E-4";"40";"37"
"               Self time";"6.9302093E-4";"37";"37"
"               Sistema.Tipos.Calle.equals(Object)";"5.6190886E-5";"3";"14"
"              Utils.ArrayLista.<init>()";"5.806392E-4";"31";"26"
"              Sistema.Tipos.Punto.equals(Object)";"0.0";"0";"1522"
"             Self time";"0.00951499";"508";"2"
"             Utils.Spath.punto_equivalente(Sistema.Tipos.Punto, Utils.ArrayLista)";"0.007117512";"380";"78"
"             Utils.Spath$etq_comparator.compare(Object, Object)";"0.0053568645";"286";"465"
"              Self time";"0.0034463743";"184";"465"
"              Utils.Spath$etq_comparator.compare(Utils.Spath.Punto_M, Utils.Spath.Punto_M)";"0.0019104902";"102";"465"
"             Utils.Spath.To_Mi_Punto(Utils.ArrayLista)";"0.004738765";"253";"2"
"              Utils.ArrayLista.add(Object)";"0.0022663658";"121";"50"
"               Self time";"0.0025098596";"134";"50"
"               Sistema.Tipos.Punto.equals(Object)";"0.0";"0";"600"
"              Utils.Spath$Punto_M.<init>(Sistema.Tipos.Punto)";"0.001329851";"71";"50"
"               Utils.Spath$Punto_M.<init>(long, float, float)";"6.7429064E-4";"36";"50"
"                Self time";"3.746059E-4";"20";"50"
"                Sistema.Tipos.Punto.<init>(long, float, float)";"2.9968473E-4";"16";"50"
"               Self time";"6.5556035E-4";"35";"50"
"              Self time";"0.0010863572";"58";"2"
"              Utils.ArrayLista.<init>()";"3.746059E-5";"2";"2"
"             Utils.Spath.construir_camino_de_calles(Utils.ArrayLista, Utils.ArrayLista, Utils.ArrayLista)";"0.0020977932";"112";"2"
"              Utils.Spath.buscar_calle(Sistema.Tipos.Punto, Sistema.Tipos.Punto, Utils.ArrayLista)";"0.0014422328";"77";"9"
"               Self time";"0.0015171539";"81";"9"
"               Sistema.Tipos.Punto.equals(Object)";"0.0";"0";"152"
"              Self time";"3.1841503E-4";"17";"2"
"              Utils.ArrayLista.add(Object)";"3.1841503E-4";"17";"9"
"               Self time";"2.8095444E-4";"15";"9"
"               Sistema.Tipos.Calle.equals(Object)";"1.8730296E-5";"1";"16"
"             Utils.Spath.constuir_camino_de_puntos(Utils.Spath.Punto_M, Utils.Spath.Punto_M, Utils.ArrayLista)";"3.933362E-4";"21";"2"
"              Utils.Spath.constuir_camino_de_puntos(Utils.Spath.Punto_M, Utils.Spath.Punto_M, Utils.ArrayLista)";"2.9968473E-4";"16";"2"
"               Utils.Spath.constuir_camino_de_puntos(Utils.Spath.Punto_M, Utils.Spath.Punto_M, Utils.ArrayLista)";"2.2476354E-4";"12";"2"
"                Utils.Spath.constuir_camino_de_puntos(Utils.Spath.Punto_M, Utils.Spath.Punto_M, Utils.ArrayLista)";"1.6857266E-4";"9";"2"
"                 Self time";"5.6190886E-5";"3";"2"
"                 Utils.Spath.constuir_camino_de_puntos(Utils.Spath.Punto_M, Utils.Spath.Punto_M, Utils.ArrayLista)";"5.6190886E-5";"3";"1"
"                  Utils.ArrayLista.add(Object)";"3.746059E-5";"2";"2"
"                   Self time";"1.8730296E-5";"1";"2"
"                   Sistema.Tipos.Punto.equals(Object)";"0.0";"0";"9"
"                  Self time";"1.8730296E-5";"1";"1"
"                  Sistema.Tipos.Punto.equals(Object)";"0.0";"0";"1"
"                 Utils.ArrayLista.add(Object)";"3.746059E-5";"2";"3"
"                  Self time";"5.6190886E-5";"3";"3"
"                  Sistema.Tipos.Punto.equals(Object)";"0.0";"0";"10"
"                 Sistema.Tipos.Punto.equals(Object)";"0.0";"0";"2"
"                Utils.ArrayLista.add(Object)";"3.746059E-5";"2";"2"
"                 Self time";"1.8730296E-5";"1";"2"
"                 Sistema.Tipos.Punto.equals(Object)";"0.0";"0";"4"
"                Self time";"0.0";"0";"2"
"                Sistema.Tipos.Punto.equals(Object)";"0.0";"0";"2"
"               Self time";"3.746059E-5";"2";"2"
"               Utils.ArrayLista.add(Object)";"1.8730296E-5";"1";"2"
"                Self time";"3.746059E-5";"2";"2"
"                Sistema.Tipos.Punto.equals(Object)";"0.0";"0";"2"
"               Sistema.Tipos.Punto.equals(Object)";"0.0";"0";"2"
"              Self time";"5.6190886E-5";"3";"2"
"              Utils.ArrayLista.add(Object)";"1.8730296E-5";"1";"2"
"              Sistema.Tipos.Punto.equals(Object)";"0.0";"0";"2"
"             Utils.Spath$etq_comparator.<init>(Utils.Spath.1)";"2.6222414E-4";"14";"28"
"              Self time";"1.6857266E-4";"9";"28"
"              Utils.Spath$etq_comparator.<init>()";"7.492118E-5";"4";"28"
"             Utils.ArrayLista.<init>()";"1.4984237E-4";"8";"6"
"             Utils.Spath$Punto_M.<init>(Sistema.Tipos.Punto)";"1.1238177E-4";"6";"2"
"              Self time";"7.492118E-5";"4";"2"
"              Utils.Spath$Punto_M.<init>(long, float, float)";"1.8730296E-5";"1";"2"
"               Sistema.Tipos.Punto.<init>(long, float, float)";"1.8730296E-5";"1";"2"
"               Self time";"0.0";"0";"2"
"             Sistema.Tipos.Punto.equals(Object)";"0.0";"0";"78"
"            Self time";"3.746059E-5";"2";"2"
"           Utils.System_Log.log_normal(String)";"0.012193423";"651";"1"
"           Interfaz.IU.informar(String, Interfaz.InformarConst)";"0.0059187734";"316";"1"
"            Interfaz.Traductor.informar_hosp(String, javax.swing.JFrame)";"0.005900043";"315";"1"
"             Interfaz.Swing.Simulacion.set_ihosp(String)";"0.0057876613";"309";"1"
"             Self time";"1.1238177E-4";"6";"1"
"            Self time";"1.8730296E-5";"1";"1"
"           Self time";"0.0011612783";"62";"1"
"          Self time";"0.03414533";"1823";"1"
"          Interfaz.Interface_Keeper.get_Interfaz()";"0.0";"0";"1"
"         Self time";"1.4984237E-4";"8";"1"
"        Self time";"4.120665E-4";"22";"1"
"        Sistema.Sistema.ciudadCreada()";"0.0";"0";"1"
"       Self time";"2.8095444E-4";"15";"1"
"       Interfaz.Swing.Nucleo_Keeper.get_Nucleo()";"1.8730296E-5";"1";"1"
"      Self time";"1.6857266E-4";"9";"1"
"     Self time";"6.9302093E-4";"37";"1"
"    Interfaz.Swing.Menu_Cargar$2.actionPerformed(java.awt.event.ActionEvent)";"3.567241";"190453";"3"
"     Interfaz.Swing.Carga_de_Archivo.<init>()";"3.2575543";"173919";"3"
"      Interfaz.Swing.Carga_de_Archivo.initialize()";"3.1771827";"169628";"3"
"       Interfaz.Swing.Carga_de_Archivo.getJContentPane()";"1.8220644";"97279";"3"
"        Interfaz.Swing.Carga_de_Archivo.getPaquete()";"1.497768";"79965";"3"
"         Self time";"1.4904258";"79573";"3"
"         Interfaz.Swing.Carga_de_Archivo$1.<init>(Interfaz.Swing.Carga_de_Archivo)";"4.307968E-4";"23";"3"
"        Interfaz.Swing.Carga_de_Archivo.getCargar()";"0.15315762";"8177";"3"
"         Self time";"0.14845632";"7926";"3"
"         Interfaz.Swing.Carga_de_Archivo$2.<init>(Interfaz.Swing.Carga_de_Archivo)";"3.746059E-4";"20";"3"
"        Self time";"0.0877327";"4684";"3"
"        Interfaz.Swing.Carga_de_Archivo.getCancel()";"0.07874216";"4204";"3"
"         Self time";"0.07409705";"3956";"3"
"         Interfaz.Swing.Carga_de_Archivo$3.<init>(Interfaz.Swing.Carga_de_Archivo)";"3.3714532E-4";"18";"3"
"       Self time";"1.3518965";"72177";"3"
"      Self time";"0.07368498";"3934";"3"
"     Self time";"0.3096305";"16531";"3"
"    Interfaz.Swing.Simulacion$5.actionPerformed(java.awt.event.ActionEvent)";"2.8704553";"153252";"1"
"     Interfaz.Swing.Simulacion.access$400(Interfaz.Swing.Simulacion, java.awt.event.ActionEvent)";"2.869781";"153216";"1"
"      Interfaz.Swing.Simulacion.jButton2ActionPerformed(java.awt.event.ActionEvent)";"2.8696125";"153207";"1"
"       Sistema.Sistema.modificar_dificultad_calle(long, int)";"2.86699";"153067";"1"
"        Interfaz.IU.informar(String)";"2.721568";"145303";"1"
"        Sistema.Tipos.Ciudad.cambiar_dificultad(long, int)";"0.1442982";"7704";"1"
"         Sistema.Tipos.Torre_Transito.dificultad_calle(long, int)";"0.14416708";"7697";"1"
"          Sistema.Tipos.Hospital.recalculo_ruta()";"0.11436719";"6106";"1"
"           Sistema.Tipos.Logistica.camino_ida(Sistema.Tipos.Pedido)";"0.08803239";"4700";"2"
"            Utils.Spath.camino_mas_corto(Sistema.Tipos.Punto, Sistema.Tipos.Punto, Sistema.Tipos.Ciudad)";"0.08790128";"4693";"2"
"             Utils.Spath.puntos_activos(Utils.ArrayLista)";"0.051358473";"2742";"14"
"              Utils.ArrayLista.add(Object)";"0.04238666";"2263";"330"
"               Self time";"0.031785313";"1697";"330"
"               Sistema.Tipos.Punto.equals(Object)";"0.0105826175";"565";"3735"
"              Self time";"0.008297521";"443";"14"
"              Utils.ArrayLista.<init>()";"6.5556035E-4";"35";"14"
"             Utils.Spath.To_Mi_Punto(Utils.ArrayLista)";"0.011088335";"592";"2"
"              Utils.ArrayLista.add(Object)";"0.0064244913";"343";"50"
"               Self time";"0.0047200345";"252";"50"
"               Sistema.Tipos.Punto.equals(Object)";"0.0017044569";"91";"600"
"              Utils.Spath$Punto_M.<init>(Sistema.Tipos.Punto)";"0.0028095443";"150";"50"
"               Utils.Spath$Punto_M.<init>(long, float, float)";"0.001460963";"78";"50"
"                Self time";"9.365148E-4";"50";"50"
"                Sistema.Tipos.Punto.<init>(long, float, float)";"5.244483E-4";"28";"50"
"               Self time";"0.001329851";"71";"50"
"              Self time";"0.0017419175";"93";"2"
"              Utils.ArrayLista.<init>()";"7.492118E-5";"4";"2"
"             Utils.Spath.obtener_vecinos(Utils.ArrayLista, Utils.Spath.Punto_M, Utils.ArrayLista)";"0.007042591";"376";"6"
"              Self time";"0.0057876613";"309";"6"
"              Sistema.Tipos.Punto.equals(Object)";"8.24133E-4";"44";"352"
"              Utils.ArrayLista.<init>()";"2.4349385E-4";"13";"6"
"              Utils.ArrayLista.add(Object)";"1.4984237E-4";"8";"7"
"               Self time";"1.3111207E-4";"7";"7"
"               Sistema.Tipos.Calle.equals(Object)";"0.0";"0";"1"
"             Self time";"0.0066867154";"357";"2"
"             Utils.Spath$etq_comparator.compare(Object, Object)";"0.0047200345";"252";"179"
"              Self time";"0.0030530381";"163";"179"
"              Utils.Spath$etq_comparator.compare(Utils.Spath.Punto_M, Utils.Spath.Punto_M)";"0.0016669963";"89";"179"
"             Utils.Spath.construir_camino_de_calles(Utils.ArrayLista, Utils.ArrayLista, Utils.ArrayLista)";"0.0033152623";"177";"2"
"              Utils.Spath.buscar_calle(Sistema.Tipos.Punto, Sistema.Tipos.Punto, Utils.ArrayLista)";"0.0028844655";"154";"5"
"               Self time";"0.0024911293";"133";"5"
"               Sistema.Tipos.Punto.equals(Object)";"3.746059E-4";"20";"138"
"              Self time";"2.8095444E-4";"15";"2"
"              Utils.ArrayLista.add(Object)";"1.3111207E-4";"7";"5"
"               Self time";"9.365148E-5";"5";"5"
"               Sistema.Tipos.Calle.equals(Object)";"3.746059E-5";"2";"4"
"             Utils.Spath.punto_equivalente(Sistema.Tipos.Punto, Utils.ArrayLista)";"0.0025660505";"137";"18"
"             Utils.Spath.constuir_camino_de_puntos(Utils.Spath.Punto_M, Utils.Spath.Punto_M, Utils.ArrayLista)";"3.933362E-4";"21";"2"
"              Utils.Spath.constuir_camino_de_puntos(Utils.Spath.Punto_M, Utils.Spath.Punto_M, Utils.ArrayLista)";"2.6222414E-4";"14";"2"
"               Utils.Spath.constuir_camino_de_puntos(Utils.Spath.Punto_M, Utils.Spath.Punto_M, Utils.ArrayLista)";"1.1238177E-4";"6";"1"
"                Utils.ArrayLista.add(Object)";"5.6190886E-5";"3";"2"
"                 Self time";"5.6190886E-5";"3";"2"
"                 Sistema.Tipos.Punto.equals(Object)";"0.0";"0";"5"
"                Self time";"3.746059E-5";"2";"1"
"                Sistema.Tipos.Punto.equals(Object)";"0.0";"0";"1"
"               Self time";"7.492118E-5";"4";"2"
"               Utils.ArrayLista.add(Object)";"7.492118E-5";"4";"3"
"                Self time";"3.746059E-5";"2";"3"
"                Sistema.Tipos.Punto.equals(Object)";"1.8730296E-5";"1";"4"
"               Sistema.Tipos.Punto.equals(Object)";"0.0";"0";"2"
"              Self time";"9.365148E-5";"5";"2"
"              Utils.ArrayLista.add(Object)";"1.8730296E-5";"1";"2"
"              Sistema.Tipos.Punto.equals(Object)";"0.0";"0";"2"
"             Utils.ArrayLista.<init>()";"2.4349385E-4";"13";"6"
"             Utils.Spath$Punto_M.<init>(Sistema.Tipos.Punto)";"1.6857266E-4";"9";"2"
"              Self time";"7.492118E-5";"4";"2"
"              Utils.Spath$Punto_M.<init>(long, float, float)";"7.492118E-5";"4";"2"
"               Self time";"3.746059E-5";"2";"2"
"               Sistema.Tipos.Punto.<init>(long, float, float)";"1.8730296E-5";"1";"2"
"             Utils.Spath$etq_comparator.<init>(Utils.Spath.1)";"1.6857266E-4";"9";"8"
"              Self time";"9.365148E-5";"5";"8"
"              Utils.Spath$etq_comparator.<init>()";"7.492118E-5";"4";"8"
"             Sistema.Tipos.Punto.equals(Object)";"5.6190886E-5";"3";"58"
"            Self time";"1.1238177E-4";"6";"2"
"           Utils.System_Log.log_normal(String)";"0.017475367";"933";"1"
"           Interfaz.IU.informar(String, Interfaz.InformarConst)";"0.008016567";"428";"1"
"            Interfaz.Traductor.informar_hosp(String, javax.swing.JFrame)";"0.007960375";"425";"1"
"             Interfaz.Swing.Simulacion.set_ihosp(String)";"0.0077543426";"414";"1"
"             Self time";"1.8730295E-4";"10";"1"
"            Self time";"3.746059E-5";"2";"1"
"           Self time";"8.24133E-4";"44";"1"
"          Interfaz.IU.informar(String, Interfaz.InformarConst)";"0.025042405";"1337";"2"
"           Interfaz.Traductor.informar_torre(String, javax.swing.JFrame)";"0.024930025";"1331";"2"
"            Interfaz.Swing.Simulacion.set_itorre(String)";"0.024611609";"1314";"2"
"            Self time";"2.9968473E-4";"16";"2"
"           Self time";"1.1238177E-4";"6";"2"
"          Self time";"0.0041955863";"224";"1"
"          Sistema.Tipos.Calle.<init>(long, Sistema.Tipos.Punto, Sistema.Tipos.Punto)";"2.4349385E-4";"13";"1"
"           Self time";"1.8730295E-4";"10";"1"
"           Sistema.Tipos.Calle.<init>(long, Sistema.Tipos.Punto, Sistema.Tipos.Punto, String, int, int)";"3.746059E-5";"2";"1"
"          Utils.ArrayLista.buscar(Object)";"2.2476354E-4";"12";"1"
"           Self time";"1.6857266E-4";"9";"1"
"           Sistema.Tipos.Calle.equals(Object)";"5.6190886E-5";"3";"6"
"          Sistema.Tipos.Punto.<init>(long, float, float)";"3.746059E-5";"2";"2"
"          Interfaz.Interface_Keeper.get_Interfaz()";"0.0";"0";"1"
"         Self time";"1.1238177E-4";"6";"1"
"        Self time";"0.0011050875";"59";"1"
"        Sistema.Sistema.ciudadCreada()";"0.0";"0";"1"
"       Self time";"0.0025660505";"137";"1"
"       Interfaz.Swing.Nucleo_Keeper.get_Nucleo()";"1.8730296E-5";"1";"1"
"      Self time";"1.6857266E-4";"9";"1"
"     Self time";"6.5556035E-4";"35";"1"
"    Interfaz.Swing.Guardar_Mapa$3.actionPerformed(java.awt.event.ActionEvent)";"2.8376586";"151501";"1"
"     Sistema.Sistema.guardar_mapa(String)";"2.52033";"134559";"1"
"      Interfaz.IU.informar(String)";"2.4619849";"131444";"1"
"      Sistema.Tipos.Ciudad.grabarCiudadBD(String)";"0.05703375";"3045";"1"
"       Utils.Admin_Ciudad.Grabar_Ciudad_BD(Utils.ArrayLista, Utils.ArrayLista, String)";"0.055872474";"2983";"1"
"        Self time";"0.055441674";"2960";"1"
"        Excepciones.AccesoBaseDatosException.<init>(String)";"4.307968E-4";"23";"1"
"       Self time";"0.001142548";"61";"1"
"      Self time";"0.0012923904";"69";"1"
"     Self time";"0.31708518";"16929";"1"
"     Interfaz.Swing.Nucleo_Keeper.get_Nucleo()";"3.746059E-5";"2";"1"
"    Interfaz.Swing.Simulacion$7.actionPerformed(java.awt.event.ActionEvent)";"2.0492256";"109407";"1"
"     Interfaz.Swing.Simulacion.access$600(Interfaz.Swing.Simulacion, java.awt.event.ActionEvent)";"2.0488508";"109387";"1"
"      Interfaz.Swing.Simulacion.jMenuItem1ActionPerformed(java.awt.event.ActionEvent)";"2.0486262";"109375";"1"
"       Interfaz.Swing.Menu_Pedido.<init>()";"1.8460392";"98559";"1"
"        Interfaz.Swing.Menu_Pedido.initComponents()";"1.8187866";"97104";"1"
"         Utils.Tipo_Utils.subclases_ambulancia()";"1.1308978";"60378";"1"
"          Utils.SubClassFinder.<init>()";"0.9966952";"53213";"1"
"           Utils.SubClassFinder.refreshLocations()";"0.99647045";"53201";"1"
"            Utils.SubClassFinder.getClasspathLocations()";"0.9963768";"53196";"1"
"             Utils.SubClassFinder.include(String, java.io.File, java.util.Map)";"0.99472857";"53108";"1"
"              Utils.SubClassFinder.include(String, java.io.File, java.util.Map)";"0.57159245";"30517";"6"
"               Utils.SubClassFinder.include(String, java.io.File, java.util.Map)";"0.31980106";"17074";"2"
"                Utils.SubClassFinder$1.accept(java.io.File)";"0.18988773";"10138";"94"
"                Self time";"0.10385949";"5545";"2"
"                Utils.SubClassFinder.include(String, java.io.File, java.util.Map)";"0.024798911";"1324";"1"
"                 Utils.SubClassFinder$1.accept(java.io.File)";"0.0153963035";"822";"7"
"                 Self time";"0.0094026085";"502";"1"
"                Utils.SubClassFinder$2.compare(Object, Object)";"0.0012361995";"66";"4"
"                 Utils.SubClassFinder$2.compare(java.net.URL, java.net.URL)";"9.927057E-4";"53";"4"
"                 Self time";"2.2476354E-4";"12";"4"
"               Self time";"0.17441651";"9312";"6"
"               Utils.SubClassFinder$1.accept(java.io.File)";"0.075764045";"4045";"31"
"               Utils.SubClassFinder$2.compare(Object, Object)";"0.0015733448";"84";"5"
"                Utils.SubClassFinder$2.compare(java.net.URL, java.net.URL)";"0.0013485813";"72";"5"
"                Self time";"2.2476354E-4";"12";"5"
"              Self time";"0.40045372";"21380";"1"
"              Utils.SubClassFinder$1.accept(java.io.File)";"0.017606478";"940";"6"
"              Utils.SubClassFinder$2.compare(Object, Object)";"0.00505718";"270";"14"
"               Utils.SubClassFinder$2.compare(java.net.URL, java.net.URL)";"0.0041393954";"221";"14"
"               Self time";"9.1778446E-4";"49";"14"
"             Self time";"0.001648266";"88";"1"
"            Self time";"9.365148E-5";"5";"1"
"           Self time";"2.2476354E-4";"12";"1"
"          Utils.SubClassFinder.findSubclasses(String)";"0.13337843";"7121";"1"
"           Utils.SubClassFinder.findSubclasses(Class, java.util.Map)";"0.13262923";"7081";"1"
"            Utils.SubClassFinder.findSubclasses(java.net.URL, String, Class)";"0.12219645";"6524";"9"
"             Self time";"0.119836435";"6398";"9"
"             Utils.SubClassFinder$3.compare(Object, Object)";"0.002341287";"125";"11"
"              Utils.SubClassFinder$3.compare(Class, Class)";"0.001779378";"95";"11"
"              Self time";"5.619089E-4";"30";"11"
"            Utils.SubClassFinder$2.compare(Object, Object)";"0.007941646";"424";"25"
"             Utils.SubClassFinder$2.compare(java.net.URL, java.net.URL)";"0.006667985";"356";"25"
"             Self time";"0.0012549298";"67";"25"
"            Self time";"0.002472399";"132";"1"
"           Self time";"7.304815E-4";"39";"1"
"          Self time";"6.5556035E-4";"35";"1"
"          Utils.SubClassFinder.getErrors()";"1.3111207E-4";"7";"1"
"         Self time";"0.64827424";"34611";"1"
"         Interfaz.Swing.Menu_Pedido$1.<init>(Interfaz.Swing.Menu_Pedido)";"3.558756E-4";"19";"1"
"         Interfaz.Swing.Menu_Pedido$2.<init>(Interfaz.Swing.Menu_Pedido)";"2.9968473E-4";"16";"1"
"        Self time";"0.025023675";"1336";"1"
"       Self time";"0.20253068";"10813";"1"
"      Self time";"2.0603325E-4";"11";"1"
"     Self time";"3.746059E-4";"20";"1"
"    Interfaz.Swing.Main$7.actionPerformed(java.awt.event.ActionEvent)";"1.9972863";"106634";"1"
"     Self time";"1.8447468";"98490";"1"
"     Sistema.Sistema.exit()";"0.019423317";"1037";"1"
"     Interfaz.Swing.Nucleo_Keeper.get_Nucleo()";"3.746059E-5";"2";"1"
"    Interfaz.Swing.Main$5.actionPerformed(java.awt.event.ActionEvent)";"1.630491";"87051";"1"
"     Interfaz.Swing.Menu_Hospital.<init>()";"0.89075667";"47557";"1"
"      Interfaz.Swing.Menu_Hospital.initComponents()";"0.8539142";"45590";"1"
"       Self time";"0.84449285";"45087";"1"
"       Interfaz.Swing.Menu_Hospital$3.<init>(Interfaz.Swing.Menu_Hospital)";"3.3714532E-4";"18";"1"
"       Interfaz.Swing.Menu_Hospital$2.<init>(Interfaz.Swing.Menu_Hospital)";"3.1841503E-4";"17";"1"
"       Interfaz.Swing.Menu_Hospital$1.<init>(Interfaz.Swing.Menu_Hospital)";"2.9968473E-4";"16";"1"
"      Self time";"0.034613587";"1848";"1"
"     Self time";"0.7394159";"39477";"1"
"    Interfaz.Swing.Menu_Cargar$3.actionPerformed(java.awt.event.ActionEvent)";"1.3137054";"70138";"2"
"     Interfaz.Swing.Carga_de_BD.<init>()";"1.1775362";"62868";"2"
"      Interfaz.Swing.Carga_de_BD.initialize()";"1.1161945";"59593";"2"
"       Self time";"0.7451099";"39781";"2"
"       Interfaz.Swing.Carga_de_BD.getJContentPane()";"0.3689119";"19696";"2"
"        Interfaz.Swing.Carga_de_BD.getId()";"0.16087452";"8589";"2"
"         Self time";"0.15591098";"8324";"2"
"         Interfaz.Swing.Carga_de_BD$1.<init>(Interfaz.Swing.Carga_de_BD)";"5.244483E-4";"28";"2"
"        Interfaz.Swing.Carga_de_BD.getCargar()";"0.09428831";"5034";"2"
"         Self time";"0.090879396";"4852";"2"
"         Interfaz.Swing.Carga_de_BD$2.<init>(Interfaz.Swing.Carga_de_BD)";"5.244483E-4";"28";"2"
"        Interfaz.Swing.Carga_de_BD.getCancel()";"0.07934153";"4236";"2"
"         Self time";"0.07610119";"4063";"2"
"         Interfaz.Swing.Carga_de_BD$3.<init>(Interfaz.Swing.Carga_de_BD)";"3.558756E-4";"19";"2"
"        Self time";"0.031298324";"1671";"2"
"      Self time";"0.05688391";"3037";"2"
"     Self time";"0.13611306";"7267";"2"
"    Interfaz.Swing.Main$4.actionPerformed(java.awt.event.ActionEvent)";"1.262347";"67396";"1"
"     Self time";"0.95170504";"50811";"1"
"     Interfaz.Swing.Menu_Mapa.<init>()";"0.30940574";"16519";"1"
"      Interfaz.Swing.Menu_Mapa.initialize()";"0.27187026";"14515";"1"
"       Interfaz.Swing.Menu_Mapa.getPanel()";"0.23809952";"12712";"1"
"        Interfaz.Swing.Menu_Mapa.getBack()";"0.06302744";"3365";"1"
"         Self time";"0.06128553";"3272";"1"
"         Interfaz.Swing.Menu_Mapa$5.<init>(Interfaz.Swing.Menu_Mapa)";"2.9968473E-4";"16";"1"
"        Interfaz.Swing.Menu_Mapa.getCargar()";"0.06162267";"3290";"1"
"         Self time";"0.059749644";"3190";"1"
"         Interfaz.Swing.Menu_Mapa$2.<init>(Interfaz.Swing.Menu_Mapa)";"4.4952708E-4";"24";"1"
"        Interfaz.Swing.Menu_Mapa.getCrear()";"0.060367744";"3223";"1"
"         Self time";"0.058644556";"3131";"1"
"         Interfaz.Swing.Menu_Mapa$3.<init>(Interfaz.Swing.Menu_Mapa)";"2.9968473E-4";"16";"1"
"        Interfaz.Swing.Menu_Mapa.getGuardar()";"0.041955862";"2240";"1"
"         Self time";"0.040251404";"2149";"1"
"         Interfaz.Swing.Menu_Mapa$4.<init>(Interfaz.Swing.Menu_Mapa)";"2.8095444E-4";"15";"1"
"        Self time";"0.010301663";"550";"1"
"       Self time";"0.033321194";"1779";"1"
"       Interfaz.Swing.Menu_Mapa$1.<init>(Interfaz.Swing.Menu_Mapa)";"3.3714532E-4";"18";"1"
"      Self time";"0.035287876";"1884";"1"
"    Interfaz.Swing.Main$2.mouseClicked(java.awt.event.MouseEvent)";"1.1338384";"60535";"1"
"     Interfaz.Swing.About.<init>()";"0.87354356";"46638";"1"
"      Interfaz.Swing.About.initComponents()";"0.84715253";"45229";"1"
"       Self time";"0.83979154";"44836";"1"
"       Interfaz.Swing.About$1.<init>(Interfaz.Swing.About)";"3.3714532E-4";"18";"1"
"      Self time";"0.024143351";"1289";"1"
"     Self time";"0.26025745";"13895";"1"
"    Interfaz.Swing.Main$3.mouseClicked(java.awt.event.MouseEvent)";"1.1073164";"59119";"1"
"     Interfaz.Swing.Help.<init>()";"0.80809987";"43144";"1"
"      Interfaz.Swing.Help.initComponents()";"0.7781876";"41547";"1"
"       Self time";"0.75320137";"40213";"1"
"       Interfaz.Swing.Help$1.<init>(Interfaz.Swing.Help)";"3.558756E-4";"19";"1"
"      Self time";"0.027683377";"1478";"1"
"     Self time";"0.29916027";"15972";"1"
"    Interfaz.Swing.Simulacion$3.actionPerformed(java.awt.event.ActionEvent)";"0.8434065";"45029";"2"
"     Interfaz.Swing.Simulacion.access$200(Interfaz.Swing.Simulacion, java.awt.event.ActionEvent)";"0.8427135";"44992";"2"
"      Interfaz.Swing.Simulacion.saltarActionPerformed(java.awt.event.ActionEvent)";"0.8425074";"44981";"2"
"       Sistema.Sistema.adelantar(long)";"0.8396417";"44828";"2"
"        Sistema.Tipos.Hospital.mover(long)";"0.8328239";"44464";"555"
"         Sistema.Tipos.Hospital.llego_destino(Sistema.Tipos.Pedido)";"0.39723212";"21208";"3"
"          Sistema.Tipos.Logistica.camino_regreso(Sistema.Tipos.Pedido)";"0.30824447";"16457";"3"
"           Utils.Spath.camino_mas_corto(Sistema.Tipos.Punto, Sistema.Tipos.Punto, Sistema.Tipos.Ciudad)";"0.30786988";"16437";"3"
"            Utils.Spath.puntos_activos(Utils.ArrayLista)";"0.17115745";"9138";"83"
"             Utils.ArrayLista.add(Object)";"0.12792791";"6830";"1501"
"              Self time";"0.09833405";"5250";"1501"
"              Sistema.Tipos.Punto.equals(Object)";"0.029575137";"1579";"13763"
"             Self time";"0.040251404";"2149";"83"
"             Utils.ArrayLista.<init>()";"0.0029593867";"158";"83"
"            Utils.Spath.obtener_vecinos(Utils.ArrayLista, Utils.Spath.Punto_M, Utils.ArrayLista)";"0.044297148";"2365";"40"
"             Self time";"0.035887245";"1916";"40"
"             Sistema.Tipos.Punto.equals(Object)";"0.005244483";"280";"2761"
"             Utils.ArrayLista.<init>()";"0.001648266";"88";"40"
"             Utils.ArrayLista.add(Object)";"0.0014984236";"80";"59"
"              Self time";"0.0012361995";"66";"59"
"              Sistema.Tipos.Calle.equals(Object)";"2.4349385E-4";"13";"30"
"            Self time";"0.024480496";"1307";"3"
"            Utils.Spath.punto_equivalente(Sistema.Tipos.Punto, Utils.ArrayLista)";"0.02150238";"1148";"124"
"            Utils.Spath$etq_comparator.compare(Object, Object)";"0.01710076";"913";"725"
"             Self time";"0.010713729";"572";"725"
"             Utils.Spath$etq_comparator.compare(Utils.Spath.Punto_M, Utils.Spath.Punto_M)";"0.0063683004";"340";"725"
"            Utils.Spath.To_Mi_Punto(Utils.ArrayLista)";"0.016913457";"903";"3"
"             Utils.ArrayLista.add(Object)";"0.00947753";"506";"75"
"              Self time";"0.0071924333";"384";"75"
"              Sistema.Tipos.Punto.equals(Object)";"0.0022663658";"121";"900"
"             Utils.Spath$Punto_M.<init>(Sistema.Tipos.Punto)";"0.0044765407";"239";"75"
"              Utils.Spath$Punto_M.<init>(long, float, float)";"0.0024911293";"133";"75"
"               Self time";"0.0013111207";"70";"75"
"               Sistema.Tipos.Punto.<init>(long, float, float)";"0.0011612783";"62";"75"
"              Self time";"0.0019854114";"106";"75"
"             Self time";"0.0028282746";"151";"3"
"             Utils.ArrayLista.<init>()";"7.492118E-5";"4";"3"
"            Utils.Spath.construir_camino_de_calles(Utils.ArrayLista, Utils.ArrayLista, Utils.ArrayLista)";"0.008784508";"469";"3"
"             Utils.Spath.buscar_calle(Sistema.Tipos.Punto, Sistema.Tipos.Punto, Utils.ArrayLista)";"0.0072673545";"388";"16"
"              Self time";"0.006218458";"332";"16"
"              Sistema.Tipos.Punto.equals(Object)";"0.0010301663";"55";"420"
"             Utils.ArrayLista.add(Object)";"8.054027E-4";"43";"16"
"              Self time";"5.244483E-4";"28";"16"
"              Sistema.Tipos.Calle.equals(Object)";"2.6222414E-4";"14";"37"
"             Self time";"6.9302093E-4";"37";"3"
"            Utils.Spath.constuir_camino_de_puntos(Utils.Spath.Punto_M, Utils.Spath.Punto_M, Utils.ArrayLista)";"0.001329851";"71";"3"
"             Utils.Spath.constuir_camino_de_puntos(Utils.Spath.Punto_M, Utils.Spath.Punto_M, Utils.ArrayLista)";"0.0011612783";"62";"3"
"              Utils.Spath.constuir_camino_de_puntos(Utils.Spath.Punto_M, Utils.Spath.Punto_M, Utils.ArrayLista)";"0.001011436";"54";"3"
"               Utils.Spath.constuir_camino_de_puntos(Utils.Spath.Punto_M, Utils.Spath.Punto_M, Utils.ArrayLista)";"8.24133E-4";"44";"3"
"                Utils.Spath.constuir_camino_de_puntos(Utils.Spath.Punto_M, Utils.Spath.Punto_M, Utils.ArrayLista)";"3.933362E-4";"21";"2"
"                 Utils.Spath.constuir_camino_de_puntos(Utils.Spath.Punto_M, Utils.Spath.Punto_M, Utils.ArrayLista)";"2.6222414E-4";"14";"1"
"                  Utils.Spath.constuir_camino_de_puntos(Utils.Spath.Punto_M, Utils.Spath.Punto_M, Utils.ArrayLista)";"1.6857266E-4";"9";"1"
"                   Utils.ArrayLista.add(Object)";"1.1238177E-4";"6";"2"
"                    Self time";"7.492118E-5";"4";"2"
"                    Sistema.Tipos.Punto.equals(Object)";"1.8730296E-5";"1";"13"
"                   Self time";"3.746059E-5";"2";"1"
"                   Sistema.Tipos.Punto.equals(Object)";"0.0";"0";"1"
"                  Utils.ArrayLista.add(Object)";"3.746059E-5";"2";"1"
"                   Self time";"3.746059E-5";"2";"1"
"                   Sistema.Tipos.Punto.equals(Object)";"0.0";"0";"5"
"                  Self time";"1.8730296E-5";"1";"1"
"                  Sistema.Tipos.Punto.equals(Object)";"0.0";"0";"1"
"                 Utils.ArrayLista.add(Object)";"7.492118E-5";"4";"3"
"                  Self time";"7.492118E-5";"4";"3"
"                  Sistema.Tipos.Punto.equals(Object)";"0.0";"0";"13"
"                 Self time";"3.746059E-5";"2";"2"
"                 Sistema.Tipos.Punto.equals(Object)";"0.0";"0";"2"
"                Self time";"2.8095444E-4";"15";"3"
"                Utils.ArrayLista.add(Object)";"1.1238177E-4";"6";"4"
"                 Self time";"7.492118E-5";"4";"4"
"                 Sistema.Tipos.Punto.equals(Object)";"3.746059E-5";"2";"13"
"                Sistema.Tipos.Punto.equals(Object)";"0.0";"0";"3"
"               Self time";"1.1238177E-4";"6";"3"
"               Utils.ArrayLista.add(Object)";"5.6190886E-5";"3";"3"
"                Self time";"3.746059E-5";"2";"3"
"                Sistema.Tipos.Punto.equals(Object)";"0.0";"0";"6"
"               Sistema.Tipos.Punto.equals(Object)";"0.0";"0";"3"
"              Self time";"7.492118E-5";"4";"3"
"              Utils.ArrayLista.add(Object)";"7.492118E-5";"4";"3"
"               Self time";"7.492118E-5";"4";"3"
"               Sistema.Tipos.Punto.equals(Object)";"0.0";"0";"3"
"              Sistema.Tipos.Punto.equals(Object)";"0.0";"0";"3"
"             Self time";"9.365148E-5";"5";"3"
"             Utils.ArrayLista.add(Object)";"3.746059E-5";"2";"3"
"             Sistema.Tipos.Punto.equals(Object)";"0.0";"0";"3"
"            Utils.Spath$etq_comparator.<init>(Utils.Spath.1)";"9.365148E-4";"50";"43"
"             Self time";"6.1809976E-4";"33";"43"
"             Utils.Spath$etq_comparator.<init>()";"3.1841503E-4";"17";"43"
"            Sistema.Tipos.Punto.equals(Object)";"4.869877E-4";"26";"118"
"            Utils.ArrayLista.<init>()";"4.120665E-4";"22";"9"
"            Utils.Spath$Punto_M.<init>(Sistema.Tipos.Punto)";"3.558756E-4";"19";"3"
"             Self time";"2.0603325E-4";"11";"3"
"             Utils.Spath$Punto_M.<init>(long, float, float)";"1.4984237E-4";"8";"3"
"              Self time";"7.492118E-5";"4";"3"
"              Sistema.Tipos.Punto.<init>(long, float, float)";"5.6190886E-5";"3";"3"
"           Self time";"3.558756E-4";"19";"3"
"          Utils.System_Log.log_normal(String)";"0.042798724";"2285";"3"
"          Interfaz.IU.informar(String, Interfaz.InformarConst)";"0.037666626";"2011";"3"
"           Interfaz.Traductor.informar_hosp(String, javax.swing.JFrame)";"0.037479322";"2001";"3"
"            Interfaz.Swing.Simulacion.set_ihosp(String)";"0.037085984";"1980";"3"
"            Self time";"3.933362E-4";"21";"3"
"           Self time";"1.8730295E-4";"10";"3"
"          Self time";"0.0041581257";"222";"3"
"          Sistema.Tipos.Punto.toString()";"0.003970823";"212";"6"
"          Sistema.Tipos.Pedido.siguiente_tramo()";"3.1841503E-4";"17";"2"
"           Self time";"2.2476354E-4";"12";"2"
"           Sistema.Tipos.Ambulancias.Ambulancia.tiempoXcuadra(Sistema.Tipos.Calle)";"9.365148E-5";"5";"2"
"          Sistema.Tipos.Pedido.emprender_regreso()";"1.8730296E-5";"1";"3"
"         Utils.System_Log.log_normal(String)";"0.15083507";"8053";"14"
"         Interfaz.IU.informar(String, Interfaz.InformarConst)";"0.13757402";"7345";"14"
"          Interfaz.Traductor.informar_hosp(String, javax.swing.JFrame)";"0.13708703";"7319";"14"
"           Interfaz.Swing.Simulacion.set_ihosp(String)";"0.13547623";"7233";"14"
"           Self time";"0.0016108054";"86";"14"
"          Self time";"4.869877E-4";"26";"14"
"         Sistema.Tipos.Hospital.llego_hospital(Sistema.Tipos.Pedido)";"0.100244544";"5352";"3"
"          Interfaz.IU.informar(String, Interfaz.InformarConst)";"0.06690462";"3572";"3"
"           Interfaz.Traductor.informar_hosp(String, javax.swing.JFrame)";"0.066792235";"3566";"3"
"            Interfaz.Swing.Simulacion.set_ihosp(String)";"0.06649255";"3550";"3"
"            Self time";"2.8095444E-4";"15";"3"
"           Self time";"9.365148E-5";"5";"3"
"          Utils.System_Log.log_normal(String)";"0.024761451";"1322";"3"
"          Self time";"0.0049073375";"262";"3"
"          Sistema.Tipos.Punto.toString()";"0.0028095443";"150";"6"
"          Sistema.Tipos.Admin_Ambulancias.estacionar(Sistema.Tipos.Ambulancias.Ambulancia)";"7.304815E-4";"39";"3"
"          Sistema.Tipos.Pedido.equals(Object)";"7.492118E-5";"4";"5"
"         Self time";"0.024780182";"1323";"555"
"         Sistema.Tipos.Punto.toString()";"0.019779192";"1056";"28"
"         Sistema.Tipos.Pedido.siguiente_tramo()";"0.0023225567";"124";"18"
"          Self time";"0.001648266";"88";"18"
"          Sistema.Tipos.Ambulancias.Ambulancia.tiempoXcuadra(Sistema.Tipos.Calle)";"6.5556035E-4";"35";"14"
"        Self time";"0.0068178275";"364";"2"
"       Self time";"0.002790814";"149";"2"
"       Interfaz.Swing.Nucleo_Keeper.get_Nucleo()";"3.746059E-5";"2";"2"
"      Self time";"2.0603325E-4";"11";"2"
"     Self time";"6.7429064E-4";"36";"2"
"    Interfaz.Swing.Menu_Mapa$5.actionPerformed(java.awt.event.ActionEvent)";"0.7709764";"41162";"1"
"     Interfaz.Swing.Main.<init>()";"0.5732969";"30608";"1"
"      Interfaz.Swing.Main.initialize()";"0.54748654";"29230";"1"
"       Self time";"0.4485344";"23947";"1"
"       Interfaz.Swing.Main.getJContentPane()";"0.097809605";"5222";"1"
"        Interfaz.Swing.Main.getSalir()";"0.027308771";"1458";"1"
"         Self time";"0.025847808";"1380";"1"
"         Interfaz.Swing.Main$7.<init>(Interfaz.Swing.Main)";"5.6190886E-5";"3";"1"
"        Self time";"0.0221954";"1185";"1"
"        Interfaz.Swing.Main.getMapa()";"0.016707424";"892";"1"
"         Self time";"0.015115349";"807";"1"
"         Interfaz.Swing.Main$4.<init>(Interfaz.Swing.Main)";"3.746059E-5";"2";"1"
"        Interfaz.Swing.Main.getAmbulancias()";"0.016014403";"855";"1"
"         Self time";"0.014534709";"776";"1"
"         Interfaz.Swing.Main$5.<init>(Interfaz.Swing.Main)";"3.746059E-5";"2";"1"
"        Interfaz.Swing.Main.getSimular()";"0.013129937";"701";"1"
"         Self time";"0.011687704";"624";"1"
"         Interfaz.Swing.Main$6.<init>(Interfaz.Swing.Main)";"3.746059E-5";"2";"1"
"        Interfaz.Swing.Main$2.<init>(Interfaz.Swing.Main)";"5.6190886E-5";"3";"1"
"        Interfaz.Swing.Main$3.<init>(Interfaz.Swing.Main)";"3.746059E-5";"2";"1"
"       Interfaz.Swing.Main$1.<init>(Interfaz.Swing.Main)";"3.746059E-5";"2";"1"
"      Self time";"0.023600172";"1260";"1"
"     Self time";"0.19739859";"10539";"1"
"    Interfaz.Swing.Menu_Cargar$4.actionPerformed(java.awt.event.ActionEvent)";"0.75445634";"40280";"1"
"     Self time";"0.6813145";"36375";"1"
"     Interfaz.Swing.Menu_Mapa.<init>()";"0.07194307";"3841";"1"
"      Interfaz.Swing.Menu_Mapa.initialize()";"0.05394325";"2880";"1"
"       Interfaz.Swing.Menu_Mapa.getPanel()";"0.05066545";"2705";"1"
"        Interfaz.Swing.Menu_Mapa.getBack()";"0.018917598";"1010";"1"
"         Self time";"0.017437905";"931";"1"
"         Interfaz.Swing.Menu_Mapa$5.<init>(Interfaz.Swing.Menu_Mapa)";"3.746059E-5";"2";"1"
"        Interfaz.Swing.Menu_Mapa.getCargar()";"0.01013309";"541";"1"
"         Self time";"0.008709587";"465";"1"
"         Interfaz.Swing.Menu_Mapa$2.<init>(Interfaz.Swing.Menu_Mapa)";"3.746059E-5";"2";"1"
"        Interfaz.Swing.Menu_Mapa.getCrear()";"0.008559745";"457";"1"
"         Self time";"0.0071549728";"382";"1"
"         Interfaz.Swing.Menu_Mapa$3.<init>(Interfaz.Swing.Menu_Mapa)";"1.8730296E-5";"1";"1"
"        Interfaz.Swing.Menu_Mapa.getGuardar()";"0.008447363";"451";"1"
"         Self time";"0.0070238607";"375";"1"
"         Interfaz.Swing.Menu_Mapa$4.<init>(Interfaz.Swing.Menu_Mapa)";"3.746059E-5";"2";"1"
"        Self time";"0.0037835198";"202";"1"
"       Self time";"0.0031466896";"168";"1"
"       Interfaz.Swing.Menu_Mapa$1.<init>(Interfaz.Swing.Menu_Mapa)";"3.746059E-5";"2";"1"
"      Self time";"0.01575218";"841";"1"
"    Interfaz.Swing.Menu_Mapa$4.actionPerformed(java.awt.event.ActionEvent)";"0.7440985";"39727";"1"
"     Self time";"0.44274673";"23638";"1"
"     Interfaz.Swing.Guardar_Mapa.<init>()";"0.3002841";"16032";"1"
"      Interfaz.Swing.Guardar_Mapa.initialize()";"0.23216201";"12395";"1"
"       Interfaz.Swing.Guardar_Mapa.getJContentPane()";"0.2273296";"12137";"1"
"        Interfaz.Swing.Guardar_Mapa.getNombre_mapa()";"0.09220924";"4923";"1"
"         Self time";"0.08951208";"4779";"1"
"         Interfaz.Swing.Guardar_Mapa$1.<init>(Interfaz.Swing.Guardar_Mapa)";"4.4952708E-4";"24";"1"
"        Interfaz.Swing.Guardar_Mapa.getCancel()";"0.06506905";"3474";"1"
"         Self time";"0.06317729";"3373";"1"
"         Interfaz.Swing.Guardar_Mapa$2.<init>(Interfaz.Swing.Guardar_Mapa)";"4.4952708E-4";"24";"1"
"        Interfaz.Swing.Guardar_Mapa.getGuardar()";"0.052220065";"2788";"1"
"         Self time";"0.050440688";"2693";"1"
"         Interfaz.Swing.Guardar_Mapa$3.<init>(Interfaz.Swing.Guardar_Mapa)";"3.1841503E-4";"17";"1"
"        Self time";"0.016314087";"871";"1"
"       Self time";"0.004738765";"253";"1"
"      Self time";"0.06589318";"3518";"1"
"    Interfaz.Swing.Menu_Ambulancias$4.actionPerformed(java.awt.event.ActionEvent)";"0.7253869";"38728";"1"
"     Interfaz.Swing.Menu_Ambulancias.access$300(Interfaz.Swing.Menu_Ambulancias, java.awt.event.ActionEvent)";"0.7246002";"38686";"1"
"      Interfaz.Swing.Menu_Ambulancias.salirActionPerformed(java.awt.event.ActionEvent)";"0.7243567";"38673";"1"
"       Self time";"0.4409861";"23544";"1"
"       Interfaz.Swing.Menu_Hospital.<init>()";"0.28314587";"15117";"1"
"        Interfaz.Swing.Menu_Hospital.initComponents()";"0.25962064";"13861";"1"
"         Self time";"0.25117326";"13410";"1"
"         Interfaz.Swing.Menu_Hospital$1.<init>(Interfaz.Swing.Menu_Hospital)";"5.6190886E-5";"3";"1"
"         Interfaz.Swing.Menu_Hospital$2.<init>(Interfaz.Swing.Menu_Hospital)";"3.746059E-5";"2";"1"
"         Interfaz.Swing.Menu_Hospital$3.<init>(Interfaz.Swing.Menu_Hospital)";"3.746059E-5";"2";"1"
"        Self time";"0.021296347";"1137";"1"
"      Self time";"2.2476354E-4";"12";"1"
"     Self time";"7.866724E-4";"42";"1"
"    Interfaz.Swing.Menu_Hospital$2.actionPerformed(java.awt.event.ActionEvent)";"0.69332063";"37016";"1"
"     Interfaz.Swing.Menu_Hospital.access$100(Interfaz.Swing.Menu_Hospital, java.awt.event.ActionEvent)";"0.6925152";"36973";"1"
"      Interfaz.Swing.Menu_Hospital.ambulanciasActionPerformed(java.awt.event.ActionEvent)";"0.6922905";"36961";"1"
"       Self time";"0.36821887";"19659";"1"
"       Interfaz.Swing.Menu_Ambulancias.<init>()";"0.32382807";"17289";"1"
"        Interfaz.Swing.Menu_Ambulancias.initComponents()";"0.29215515";"15598";"1"
"         Self time";"0.28271508";"15094";"1"
"         Interfaz.Swing.Menu_Ambulancias$1.<init>(Interfaz.Swing.Menu_Ambulancias)";"3.3714532E-4";"18";"1"
"         Interfaz.Swing.Menu_Ambulancias$2.<init>(Interfaz.Swing.Menu_Ambulancias)";"2.8095444E-4";"15";"1"
"         Interfaz.Swing.Menu_Ambulancias$3.<init>(Interfaz.Swing.Menu_Ambulancias)";"2.6222414E-4";"14";"1"
"         Interfaz.Swing.Menu_Ambulancias$4.<init>(Interfaz.Swing.Menu_Ambulancias)";"2.6222414E-4";"14";"1"
"        Self time";"0.029425295";"1571";"1"
"      Self time";"2.2476354E-4";"12";"1"
"     Self time";"7.866724E-4";"42";"1"
"    Interfaz.Swing.Menu_Hospital$3.actionPerformed(java.awt.event.ActionEvent)";"0.6142413";"32794";"1"
"     Interfaz.Swing.Menu_Hospital.access$200(Interfaz.Swing.Menu_Hospital, java.awt.event.ActionEvent)";"0.61349213";"32754";"1"
"      Interfaz.Swing.Menu_Hospital.salirActionPerformed(java.awt.event.ActionEvent)";"0.6132486";"32741";"1"
"       Interfaz.Swing.Main.<init>()";"0.42903614";"22906";"1"
"        Interfaz.Swing.Main.initialize()";"0.4057544";"21663";"1"
"         Self time";"0.33619007";"17949";"1"
"         Interfaz.Swing.Main.getJContentPane()";"0.0684405";"3654";"1"
"          Self time";"0.016857266";"900";"1"
"          Interfaz.Swing.Main.getSalir()";"0.016819805";"898";"1"
"           Self time";"0.015358843";"820";"1"
"           Interfaz.Swing.Main$7.<init>(Interfaz.Swing.Main)";"5.6190886E-5";"3";"1"
"          Interfaz.Swing.Main.getMapa()";"0.012455647";"665";"1"
"           Self time";"0.010863571";"580";"1"
"           Interfaz.Swing.Main$4.<init>(Interfaz.Swing.Main)";"3.746059E-5";"2";"1"
"          Interfaz.Swing.Main.getAmbulancias()";"0.01075119";"574";"1"
"           Self time";"0.009271496";"495";"1"
"           Interfaz.Swing.Main$5.<init>(Interfaz.Swing.Main)";"3.746059E-5";"2";"1"
"          Interfaz.Swing.Main.getSimular()";"0.009102924";"486";"1"
"           Self time";"0.007660691";"409";"1"
"           Interfaz.Swing.Main$6.<init>(Interfaz.Swing.Main)";"3.746059E-5";"2";"1"
"          Interfaz.Swing.Main$2.<init>(Interfaz.Swing.Main)";"5.6190886E-5";"3";"1"
"          Interfaz.Swing.Main$3.<init>(Interfaz.Swing.Main)";"3.746059E-5";"2";"1"
"         Interfaz.Swing.Main$1.<init>(Interfaz.Swing.Main)";"3.746059E-5";"2";"1"
"        Self time";"0.021052852";"1124";"1"
"       Self time";"0.18400642";"9824";"1"
"      Self time";"2.2476354E-4";"12";"1"
"     Self time";"7.492118E-4";"40";"1"
"    Interfaz.Swing.Menu_Mapa$2.actionPerformed(java.awt.event.ActionEvent)";"0.60240376";"32162";"1"
"     Self time";"0.32397792";"17297";"1"
"     Interfaz.Swing.Menu_Cargar.<init>()";"0.27717093";"14798";"1"
"      Interfaz.Swing.Menu_Cargar.initialize()";"0.2419205";"12916";"1"
"       Interfaz.Swing.Menu_Cargar.getMenu_cargar()";"0.20972311";"11197";"1"
"        Interfaz.Swing.Menu_Cargar.getBack()";"0.07518341";"4014";"1"
"         Self time";"0.07349768";"3924";"1"
"         Interfaz.Swing.Menu_Cargar$4.<init>(Interfaz.Swing.Menu_Cargar)";"2.4349385E-4";"13";"1"
"        Interfaz.Swing.Menu_Cargar.getCargar_bd()";"0.06302744";"3365";"1"
"         Self time";"0.061322987";"3274";"1"
"         Interfaz.Swing.Menu_Cargar$3.<init>(Interfaz.Swing.Menu_Cargar)";"2.6222414E-4";"14";"1"
"        Interfaz.Swing.Menu_Cargar.getCargar_archivo()";"0.06100457";"3257";"1"
"         Self time";"0.059112813";"3156";"1"
"         Interfaz.Swing.Menu_Cargar$2.<init>(Interfaz.Swing.Menu_Cargar)";"4.4952708E-4";"24";"1"
"        Self time";"0.009721023";"519";"1"
"       Self time";"0.03182277";"1699";"1"
"       Interfaz.Swing.Menu_Cargar$1.<init>(Interfaz.Swing.Menu_Cargar)";"2.6222414E-4";"14";"1"
"      Self time";"0.03302151";"1763";"1"
"    Interfaz.Swing.Inicio$1.paintComponent(java.awt.Graphics)";"0.5991447";"31988";"4"
"    Interfaz.Swing.Menu_Pedido$1.windowClosing(java.awt.event.WindowEvent)";"0.26540828";"14170";"1"
"     Interfaz.Swing.Menu_Pedido.access$000(Interfaz.Swing.Menu_Pedido, java.awt.event.WindowEvent)";"0.2649213";"14144";"1"
"      Interfaz.Swing.Menu_Pedido.formWindowClosing(java.awt.event.WindowEvent)";"0.26475272";"14135";"1"
"      Self time";"1.4984237E-4";"8";"1"
"     Self time";"4.869877E-4";"26";"1"
"    Interfaz.Swing.About$1.windowClosing(java.awt.event.WindowEvent)";"0.24407448";"13031";"1"
"     Interfaz.Swing.About.access$000(Interfaz.Swing.About, java.awt.event.WindowEvent)";"0.24351257";"13001";"1"
"      Interfaz.Swing.About.formWindowClosing(java.awt.event.WindowEvent)";"0.24323162";"12986";"1"
"      Self time";"2.8095444E-4";"15";"1"
"     Self time";"5.619089E-4";"30";"1"
"    Interfaz.Swing.Simulacion$2.actionPerformed(java.awt.event.ActionEvent)";"0.23931699";"12777";"8"
"     Interfaz.Swing.Simulacion.access$100(Interfaz.Swing.Simulacion, java.awt.event.ActionEvent)";"0.23828682";"12722";"8"
"      Interfaz.Swing.Simulacion.siguienteActionPerformed(java.awt.event.ActionEvent)";"0.23787476";"12700";"8"
"       Sistema.Sistema.continuar()";"0.23673221";"12639";"8"
"        Interfaz.IU.informar(String, Interfaz.InformarConst)";"0.1222901";"6529";"8"
"         Interfaz.Traductor.informar_hosp(String, javax.swing.JFrame)";"0.121672004";"6496";"8"
"          Interfaz.Swing.Simulacion.set_ihosp(String)";"0.12039834";"6428";"8"
"          Self time";"0.0012549298";"67";"8"
"         Self time";"6.1809976E-4";"33";"8"
"        Sistema.Tipos.Hospital.mover(long)";"0.10724967";"5726";"8"
"         Interfaz.IU.informar(String, Interfaz.InformarConst)";"0.06366427";"3399";"2"
"          Interfaz.Traductor.informar_hosp(String, javax.swing.JFrame)";"0.063570626";"3394";"2"
"           Interfaz.Swing.Simulacion.set_ihosp(String)";"0.06327094";"3378";"2"
"           Self time";"2.8095444E-4";"15";"2"
"          Self time";"9.365148E-5";"5";"2"
"         Utils.System_Log.log_normal(String)";"0.033358656";"1781";"2"
"         Self time";"0.0061248066";"327";"8"
"         Sistema.Tipos.Punto.toString()";"0.0036524076";"195";"4"
"         Sistema.Tipos.Pedido.siguiente_tramo()";"4.120665E-4";"22";"2"
"          Self time";"3.1841503E-4";"17";"2"
"          Sistema.Tipos.Ambulancias.Ambulancia.tiempoXcuadra(Sistema.Tipos.Calle)";"7.492118E-5";"4";"2"
"        Self time";"0.007173703";"383";"8"
"       Self time";"9.365148E-4";"50";"8"
"       Interfaz.Swing.Nucleo_Keeper.get_Nucleo()";"1.8730295E-4";"10";"8"
"      Self time";"3.933362E-4";"21";"8"
"     Self time";"0.0010301663";"55";"8"
"    Interfaz.Swing.Carga_de_Archivo$3.actionPerformed(java.awt.event.ActionEvent)";"0.2066888";"11035";"1"
"    Interfaz.Swing.Carga_de_BD$3.actionPerformed(java.awt.event.ActionEvent)";"0.19715509";"10526";"1"
"    Interfaz.Swing.Help$1.windowClosing(java.awt.event.WindowEvent)";"0.17149459";"9156";"1"
"     Interfaz.Swing.Help.access$000(Interfaz.Swing.Help, java.awt.event.WindowEvent)";"0.17068918";"9113";"1"
"      Interfaz.Swing.Help.formWindowClosing(java.awt.event.WindowEvent)";"0.17042696";"9099";"1"
"      Self time";"2.6222414E-4";"14";"1"
"     Self time";"7.866724E-4";"42";"1"
"    Interfaz.Swing.Carga_de_Archivo$1.mouseClicked(java.awt.event.MouseEvent)";"0.077712";"4149";"2"
"    Interfaz.Swing.Guardar_Mapa$1.mouseClicked(java.awt.event.MouseEvent)";"0.014834395";"792";"1"
"    Interfaz.Swing.Carga_de_BD$1.mouseClicked(java.awt.event.MouseEvent)";"0.01455344";"777";"1"
"    Interfaz.Swing.Simulacion$6.mouseClicked(java.awt.event.MouseEvent)";"0.009589911";"512";"1"
"     Interfaz.Swing.Simulacion.access$500(Interfaz.Swing.Simulacion, java.awt.event.MouseEvent)";"0.009046732";"483";"1"
"      Interfaz.Swing.Simulacion.idMouseClicked(java.awt.event.MouseEvent)";"0.008934351";"477";"1"
"      Self time";"9.365148E-5";"5";"1"
"     Self time";"5.244483E-4";"28";"1"
"   main";"100.0";"1052028";"1"
"    Motor.Main.main(String[])";"100.0";"1052028";"1"
"     Interfaz.IU.load()";"98.03627";"1031369";"1"
"      Interfaz.Swing.Inicio.<init>()";"84.35679";"887457";"1"
"       Self time";"42.819298";"450471";"1"
"       Interfaz.Swing.Inicio.initialize()";"41.475037";"436329";"1"
"        Self time";"40.17954";"422700";"1"
"        Interfaz.Swing.Inicio.getJContentPane()";"1.0320067";"10857";"1"
"         Interfaz.Swing.Inicio.getProgreso()";"0.5419057";"5701";"1"
"         Self time";"0.39523664";"4158";"1"
"         Interfaz.Swing.Inicio$1.<init>(Interfaz.Swing.Inicio)";"0.09049189";"952";"1"
"      Interfaz.Swing.Main.<init>()";"7.14192";"75135";"1"
"       Interfaz.Swing.Main.initialize()";"6.963503";"73258";"1"
"        Self time";"3.7012322";"38938";"1"
"        Interfaz.Swing.Main.getJContentPane()";"3.2546663";"34240";"1"
"         Interfaz.Swing.Main.getMapa()";"1.3801914";"14520";"1"
"          Self time";"1.3703058";"14416";"1"
"          Interfaz.Swing.Main$4.<init>(Interfaz.Swing.Main)";"0.0015208721";"16";"1"
"         Self time";"0.77631015";"8167";"1"
"         Interfaz.Swing.Main.getSalir()";"0.50569";"5320";"1"
"          Self time";"0.49704";"5229";"1"
"          Interfaz.Swing.Main$7.<init>(Interfaz.Swing.Main)";"0.0013307631";"14";"1"
"         Interfaz.Swing.Main.getSimular()";"0.36928675";"3885";"1"
"          Self time";"0.36006647";"3788";"1"
"          Interfaz.Swing.Main$6.<init>(Interfaz.Swing.Main)";"0.0015208721";"16";"1"
"         Interfaz.Swing.Main.getAmbulancias()";"0.20617323";"2169";"1"
"          Self time";"0.1972381";"2075";"1"
"          Interfaz.Swing.Main$5.<init>(Interfaz.Swing.Main)";"0.0015208721";"16";"1"
"         Interfaz.Swing.Main$2.<init>(Interfaz.Swing.Main)";"0.0032318532";"34";"1"
"         Interfaz.Swing.Main$3.<init>(Interfaz.Swing.Main)";"0.0016159266";"17";"1"
"        Interfaz.Swing.Main$1.<init>(Interfaz.Swing.Main)";"0.0019961447";"21";"1"
"       Self time";"0.16710582";"1758";"1"
"      Self time";"6.2877603";"66149";"1"
"      Interfaz.Swing.Inicio.setInfo(String)";"0.15389325";"1619";"4"
"      Interfaz.Swing.Inicio.setProgreso(int)";"0.09533967";"1003";"3"
"     Self time";"1.6022388";"16856";"1"
"     Sistema.Sistema.<init>(Interfaz.IUser)";"0.35911593";"3778";"1"
"      Interfaz.IU.setS(Sistema.Sistema)";"0.2152034";"2264";"1"
"       Self time";"0.21387264";"2250";"1"
"       Interfaz.Swing.Nucleo_Keeper.set_Nucleo(Sistema.Sistema)";"0.0012357086";"13";"1"
"      Self time";"0.14210649";"1495";"1"
"      Interfaz.Interface_Keeper.set_Interface(Interfaz.IUser)";"0.0016159266";"17";"1"
"     Interfaz.IU.<init>()";"9.50545E-4";"10";"1"
"     Interfaz.Interface_Keeper.set_Interface(Interfaz.IUser)";"1.9010901E-4";"2";"1"
"   Finalizer";"100.0";"582";"1"
"    Utils.Input_Stream.finalize()";"100.0";"583";"4"
